COSMOS 2251             
1 22675U 93036A   26147.10221990  .00000089  00000+0  41640-4 0  9992
2 22675  74.0406  13.7398 0023909  56.9500 303.3943 14.33251382721427
COSMOS 2251 DEB         
1 33757U 93036E   26147.12869564  .00000068  00000+0  34545-4 0  9995
2 33757  74.0380  21.6804 0014799 355.1735 167.3016 14.32621400903648
COSMOS 2251 DEB         
1 33758U 93036F   26147.64971685  .00003002  00000+0  73687-3 0  9991
2 33758  74.0279 262.1952 0016570 294.1972 180.0174 14.52743491907138
COSMOS 2251 DEB         
1 33760U 93036H   26147.60805762  .00000232  00000+0  89006-4 0  9997
2 33760  74.0320 337.0171 0019914  36.8390  28.9419 14.35773454905057
COSMOS 2251 DEB         
1 33761U 93036J   26147.50031125  .00001067  00000+0  32566-3 0  9996
2 33761  74.0355 304.4863 0022966 348.0310  68.3973 14.43007743906259
COSMOS 2251 DEB         
1 33762U 93036K   26147.03476362  .00000086  00000+0  40133-4 0  9991
2 33762  74.0423   7.8219 0014696  30.1164 120.5319 14.33715107904164
COSMOS 2251 DEB         
1 33764U 93036M   26147.62370346  .00000751  00000+0  24705-3 0  9998
2 33764  74.0334 326.2537 0022333 250.1281 178.9473 14.39838010905444
COSMOS 2251 DEB         
1 33765U 93036N   26147.52708438  .00048751  00000+0  20129-2 0  9992
2 33765  73.9999 186.9243 0055341 236.8633 122.7249 15.22366195921317
COSMOS 2251 DEB         
1 33766U 93036P   26147.56051750  .00000936  00000+0  32673-3 0  9996
2 33766  74.1852 193.7108 0063965 348.8738  11.0996 14.35464565901248
COSMOS 2251 DEB         
1 33768U 93036R   26147.59435934  .00000390  00000+0  35978-3 0  9996
2 33768  74.0683 312.1378 0367230  73.1828 359.3364 13.58611229855483
COSMOS 2251 DEB         
1 33779U 93036U   26147.65741183  .00005625  00000+0  85244-3 0  9998
2 33779  74.0437 207.8219 0013713 210.3495 309.1469 14.74320806909706
COSMOS 2251 DEB         
1 33782U 93036X   26147.62179766  .00001081  00000+0  34451-3 0  9997
2 33782  74.0327 330.6447 0020347 359.9154  75.5089 14.40879488905154
COSMOS 2251 DEB         
1 33785U 93036AA  26147.61459573  .00005440  00000+0  83170-3 0  9991
2 33785  73.8640  93.6689 0017356 355.8841 177.2571 14.73920807909484
COSMOS 2251 DEB         
1 33789U 93036AE  26147.46431758  .00000493  00000+0  33889-3 0  9998
2 33789  74.0618 166.0811 0240814 243.0429 236.3992 13.89021373873968
COSMOS 2251 DEB         
1 33791U 93036AG  26147.31542721  .00001981  00000+0  58484-3 0  9999
2 33791  74.1729  92.4372 0030101 236.8883 247.9206 14.43919714904416
COSMOS 2251 DEB         
1 33792U 93036AH  26147.57240608  .00000721  00000+0  70494-3 0  9993
2 33792  73.8991  80.4180 0429506 115.9710  60.2236 13.46121165846731
COSMOS 2251 DEB         
1 33793U 93036AJ  26147.23646703  .00001085  00000+0  43125-3 0  9998
2 33793  73.9804 208.9763 0078711 321.2738  94.8721 14.28258966895692
COSMOS 2251 DEB         
1 33795U 93036AL  26147.29322376  .00026657  00000+0  14503-2 0  9992
2 33795  74.0414  94.9280 0030802 145.3595 334.7873 15.13942136925204
COSMOS 2251 DEB         
1 33797U 93036AN  26147.58068009  .00001831  00000+0  38968-3 0  9995
2 33797  74.0461  79.5650 0061248 125.8430  53.1332 14.58574568914025
COSMOS 2251 DEB         
1 33798U 93036AP  26147.55980623  .00000339  00000+0  10070-3 0  9994
2 33798  74.0282 186.9928 0092504 267.5432 245.8373 14.44792520909881
COSMOS 2251 DEB         
1 33799U 93036AQ  26147.33619281  .00018125  00000+0  21500-2 0  9991
2 33799  74.0297 114.5259 0023291 152.3217 357.9864 14.84282905912644
COSMOS 2251 DEB         
1 33805U 93036AW  26147.58790654  .00001135  00000+0  24609-3 0  9997
2 33805  74.0311 355.7235 0060695 142.3781 218.1654 14.58237097916446
COSMOS 2251 DEB         
1 33811U 93036BC  26147.53320031  .00018611  00000+0  10641-2 0  9994
2 33811  73.8314 316.8011 0027374  15.5905  40.7141 15.12325674925191
COSMOS 2251 DEB         
1 33816U 93036BH  26147.42325691  .00000600  00000+0  44365-3 0  9994
2 33816  73.8937 184.4960 0264662 166.4607 194.3803 13.82043637869624
COSMOS 2251 DEB         
1 33818U 93036BK  26147.51216538  .00068169  00000+0  22336-2 0  9992
2 33818  74.0734 178.6809 0005849 107.3762 252.8082 15.31306308923844
COSMOS 2251 DEB         
1 33819U 93036BL  26147.49518495  .00001644  00000+0  58524-3 0  9991
2 33819  74.1788 269.8587 0089308  84.1228 351.9202 14.32807088898692
COSMOS 2251 DEB         
1 33821U 93036BN  26147.44138696  .00038215  00000+0  10367-2 0  9996
2 33821  74.0240 149.2806 0036572 141.2563 219.1278 15.36746777775373
COSMOS 2251 DEB         
1 33822U 93036BP  26147.32814278  .00002839  00000+0  13521-2 0  9999
2 33822  74.0689 261.0800 0149892 268.0160 121.1524 14.14055503883943
COSMOS 2251 DEB         
1 33823U 93036BQ  26147.58815922  .00000417  00000+0  25288-3 0  9999
2 33823  73.8095 218.5612 0209070 315.0204 162.8771 13.99338891879292
COSMOS 2251 DEB         
1 33825U 93036BS  26147.21792156  .00010800  00000+0  16176-2 0  9996
2 33825  73.9839  65.2037 0076888 351.9081 166.9806 14.72714468913136
COSMOS 2251 DEB         
1 33826U 93036BT  26147.35288236  .00011963  00000+0  27236-2 0  9991
2 33826  74.0633  97.9771 0081914 102.1836  55.6108 14.53867735901746
COSMOS 2251 DEB         
1 33828U 93036BV  26147.52971369  .00001066  00000+0  31270-3 0  9995
2 33828  74.0458 289.6486 0028924 323.8115 107.5872 14.44838671907074
COSMOS 2251 DEB         
1 33830U 93036BX  26147.58567126  .00005135  00000+0  68994-3 0  9990
2 33830  74.0320 264.6110 0042017 343.9620  27.3386 14.78938656919225
COSMOS 2251 DEB         
1 33832U 93036BZ  26147.36345038  .00006464  00000+0  12658-2 0  9995
2 33832  74.0544 253.3274 0022296 246.4861 170.1735 14.62835138908454
COSMOS 2251 DEB         
1 33835U 93036CC  26147.48198962  .00003432  00000+0  65044-3 0  9993
2 33835  74.0547 143.6571 0053959 155.7113   4.3059 14.63737497912130
COSMOS 2251 DEB         
1 33836U 93036CD  26147.51954035  .00010082  00000+0  12455-2 0  9995
2 33836  73.9957 290.9476 0024050  97.5151 336.2313 14.82703109665431
COSMOS 2251 DEB         
1 33837U 93036CE  26147.32743529  .00000952  00000+0  24586-3 0  9993
2 33837  74.0112 103.7523 0035414 283.7877  75.9344 14.51040951911970
COSMOS 2251 DEB         
1 33838U 93036CF  26147.56202421  .00000908  00000+0  24652-3 0  9996
2 33838  74.0363 199.1306 0027915 279.6199 194.1515 14.48848382909707
COSMOS 2251 DEB         
1 33839U 93036CG  26147.24559294  .00000878  00000+0  16201-3 0  9992
2 33839  74.0392 248.3165 0084685 318.2828  67.4065 14.64891675920038
COSMOS 2251 DEB         
1 33841U 93036CJ  26147.59465913  .00000515  00000+0  17810-3 0  9992
2 33841  74.0376 332.6171 0020525  15.4306  47.8204 14.38080875904983
COSMOS 2251 DEB         
1 33842U 93036CK  26147.45415274  .00000740  00000+0  22599-3 0  9993
2 33842  74.0332 271.9546 0047206 339.3825  20.5425 14.43050001907278
COSMOS 2251 DEB         
1 33844U 93036CM  26147.34613990  .00001111  00000+0  40121-3 0  9992
2 33844  74.0649 110.3251 0046905  92.6430  59.1905 14.34112012900990
COSMOS 2251 DEB         
1 33848U 93036CR  26147.18342713  .00003625  00000+0  10296-2 0  9991
2 33848  74.0318  49.4860 0042282  70.6776  80.7328 14.45232779902208
COSMOS 2251 DEB         
1 33892U 93036CV  26147.46827312  .00001177  00000+0  49192-3 0  9992
2 33892  73.8002 159.5656 0113134 162.0808 348.4388 14.23868378893134
COSMOS 2251 DEB         
1 33894U 93036CX  26147.23929573  .00002890  00000+0  29825-2 0  9994
2 33894  73.7658  92.9861 0570259 348.7545  10.1223 13.21694550828940
COSMOS 2251 DEB         
1 33896U 93036CZ  26147.60620910  .00001101  00000+0  49476-3 0  9999
2 33896  73.7664 215.4130 0125713   2.9371 148.4385 14.19528564890938
COSMOS 2251 DEB         
1 33899U 93036DC  26147.42653720  .00003458  00000+0  67292-3 0  9990
2 33899  74.0508 128.8976 0056187 149.8010   6.9337 14.62476002912607
COSMOS 2251 DEB         
1 33900U 93036DD  26147.16447662  .00001598  00000+0  34129-3 0  9996
2 33900  74.0189  44.4935 0047906 154.8927 356.2833 14.59017150914486
COSMOS 2251 DEB         
1 33901U 93036DE  26147.18388833  .00129337  00000+0  26973-2 0  9992
2 33901  73.7660  51.5727 0031702 168.4820 191.7122 15.44459661920432
COSMOS 2251 DEB         
1 33905U 93036DJ  26147.08674104  .00001427  00000+0  49165-3 0  9992
2 33905  73.8869  10.4539 0057189 223.2228 291.1521 14.35961936900609
COSMOS 2251 DEB         
1 33906U 93036DK  26147.65582207  .00007283  00000+0  15183-2 0  9996
2 33906  74.0303   5.4551 0032830   5.2384  57.7758 14.59778049904273
COSMOS 2251 DEB         
1 33907U 93036DL  26147.30226568  .00005483  00000+0  18880-2 0  9991
2 33907  74.0672  92.3762 0114439 109.9336  41.0795 14.32519150889497
COSMOS 2251 DEB         
1 33908U 93036DM  26147.33032552  .00002075  00000+0  98409-3 0  9993
2 33908  73.8376 271.5681 0216620 265.7966  91.8391 14.08657555878041
COSMOS 2251 DEB         
1 33911U 93036DQ  26147.15521914  .00010360  00000+0  13978-2 0  9995
2 33911  74.0895 198.5112 0010402  81.2654 309.9083 14.79163956910870
COSMOS 2251 DEB         
1 33912U 93036DR  26147.51242633  .00002601  00000+0  63754-3 0  9991
2 33912  74.0348 237.1519 0011613 280.3665  94.7672 14.52920701908403
COSMOS 2251 DEB         
1 33913U 93036DS  26147.65231140  .00001379  00000+0  36464-3 0  9997
2 33913  74.0339 232.6029 0048253 294.5134 186.9610 14.49156511908602
COSMOS 2251 DEB         
1 33914U 93036DT  26147.32016610  .00000518  00000+0  42572-3 0  9996
2 33914  74.0885 102.1402 0303778 166.7901 345.1515 13.72201585863524
COSMOS 2251 DEB         
1 33915U 93036DU  26147.32457891  .00001142  00000+0  38103-3 0  9996
2 33915  74.0421  90.5136 0105554 142.7546  13.8662 14.35533497901330
COSMOS 2251 DEB         
1 33916U 93036DV  26147.38723781  .00000473  00000+0  39937-3 0  9999
2 33916  74.0495 128.3916 0325374 263.4332 251.4631 13.68757951861571
COSMOS 2251 DEB         
1 33917U 93036DW  26147.22810985  .00002003  00000+0  15658-2 0  9990
2 33917  74.1063 210.9374 0333356 272.7508  83.5504 13.69811575859997
COSMOS 2251 DEB         
1 33920U 93036DZ  26146.94295481  .00006023  00000+0  12301-2 0  9998
2 33920  74.0605 343.8022 0031385 313.7442  46.1126 14.60794898905254
COSMOS 2251 DEB         
1 33922U 93036EB  26147.58079174  .00000974  00000+0  25751-3 0  9993
2 33922  74.0464 196.6517 0023812 266.3216 214.9708 14.50041615909818
COSMOS 2251 DEB         
1 33924U 93036ED  26147.62952814  .00000454  00000+0  44859-3 0  9994
2 33924  73.9138   3.5164 0402095   8.7931 351.9946 13.50459095849785
COSMOS 2251 DEB         
1 33928U 93036EH  26146.94202677  .00001023  00000+0  27851-3 0  9993
2 33928  73.9242 101.4294 0060191 359.3983   0.7092 14.47762357910354
COSMOS 2251 DEB         
1 33932U 93036EM  26147.06775743  .00001102  00000+0  36128-3 0  9996
2 33932  74.0343  10.8744 0036004  50.0739 310.3570 14.39214054903761
COSMOS 2251 DEB         
1 33933U 93036EN  26147.36208893  .00000890  00000+0  32001-3 0  9996
2 33933  74.0870 118.1742 0070260  85.1465 275.7704 14.33835922901582
COSMOS 2251 DEB         
1 33934U 93036EP  26147.39247120  .00003496  00000+0  72746-3 0  9991
2 33934  74.0351 144.5925 0017065 226.7065 133.2678 14.60343987911568
COSMOS 2251 DEB         
1 33936U 93036ER  26147.21838970  .00003145  00000+0  63877-3 0  9999
2 33936  74.0171  80.9158 0028713 193.0180 167.0249 14.61324777913060
COSMOS 2251 DEB         
1 33938U 93036ET  26147.57546513  .00001389  00000+0  38557-3 0  9994
2 33938  74.0452 257.3818 0016717 301.5461  75.0908 14.47384394907996
COSMOS 2251 DEB         
1 33939U 93036EU  26147.32221115  .00074369  00000+0  32939-2 0  9991
2 33939  73.9988  98.0366 0012263 205.4829 154.5765 15.21205423912526
COSMOS 2251 DEB         
1 33940U 93036EV  26147.57717678  .00003158  00000+0  65929-3 0  9998
2 33940  74.0388 187.2952 0011929 232.0627 287.2618 14.60283750910133
COSMOS 2251 DEB         
1 33942U 93036EX  26147.56671591  .00000500  00000+0  17300-3 0  9990
2 33942  74.0361 329.3688 0020308  15.0298  41.2837 14.38207639905182
COSMOS 2251 DEB         
1 33944U 93036EZ  26147.58374096  .00000842  00000+0  26890-3 0  9997
2 33944  74.0406   3.7185 0112640  63.1696 326.9071 14.37662468904115
COSMOS 2251 DEB         
1 33945U 93036FA  26147.59939365  .00000286  00000+0  10972-3 0  9991
2 33945  74.0303   2.3244 0022085  50.6741 309.6364 14.34724732903941
COSMOS 2251 DEB         
1 33948U 93036FD  26147.64586712  .00000395  00000+0  14524-3 0  9992
2 33948  74.0359   0.6919 0022840  38.6696 321.6087 14.35805316904046
COSMOS 2251 DEB         
1 33971U 93036FE  26147.58624374  .00000668  00000+0  21999-3 0  9995
2 33971  74.0244 307.1417 0018700  10.6551  69.6840 14.40012131905265
COSMOS 2251 DEB         
1 33972U 93036FF  26147.26628530  .00003289  00000+0  10031-2 0  9995
2 33972  73.9941 245.3034 0123618  14.9245  15.8156 14.38005440894529
COSMOS 2251 DEB         
1 33973U 93036FG  26147.49641112  .00000373  00000+0  11213-3 0  9997
2 33973  74.0061 153.3599 0047271 291.5070 188.2443 14.45547314909955
COSMOS 2251 DEB         
1 33975U 93036FJ  26147.42745384  .00000536  00000+0  32157-3 0  9999
2 33975  73.7991 153.1357 0192032 257.2964 100.6643 14.00764925881490
COSMOS 2251 DEB         
1 33980U 93036FP  26147.29029159  .00003103  00000+0  65389-3 0  9991
2 33980  74.0187 103.5812 0029837 206.0239 311.7104 14.59636737912092
COSMOS 2251 DEB         
1 33982U 93036FR  26147.49637633  .00002010  00000+0  39986-3 0  9997
2 33982  74.0703  43.9155 0073713  45.8453 130.8421 14.61045412915793
COSMOS 2251 DEB         
1 33983U 93036FS  26147.56657260  .00001246  00000+0  31924-3 0  9998
2 33983  74.0490 195.4039 0021823 257.2469 220.1627 14.51295721910348
COSMOS 2251 DEB         
1 33984U 93036FT  26147.15861243  .00003843  00000+0  67452-3 0  9992
2 33984  74.0094  27.2559 0024390 178.1945 342.0703 14.67879411914928
COSMOS 2251 DEB         
1 33986U 93036FV  26147.61948912  .00001808  00000+0  53152-3 0  9995
2 33986  74.0359 354.3470 0041271  30.5397  26.3135 14.43969819904228
COSMOS 2251 DEB         
1 33990U 93036FZ  26147.10740655  .00000292  00000+0  29494-3 0  9996
2 33990  73.9293  20.4769 0405115  10.2076 140.6145 13.50244533849618
COSMOS 2251 DEB         
1 33992U 93036GB  26147.66039007  .00004150  00000+0  72068-3 0  9993
2 33992  74.0249  17.3065 0052927  94.6210 292.0509 14.67594360915583
COSMOS 2251 DEB         
1 33994U 93036GD  26147.51170782  .00000194  00000+0  67947-4 0  9990
2 33994  74.0436 243.6077 0023587 336.8183  39.7410 14.41324759908089
COSMOS 2251 DEB         
1 33995U 93036GE  26147.49696188  .00001617  00000+0  55899-3 0  9994
2 33995  74.0591 175.8845 0059129 150.3624 210.0902 14.35561760898975
COSMOS 2251 DEB         
1 33999U 93036GJ  26147.38427143  .00016287  00000+0  17741-2 0  9991
2 33999  73.9165 259.2874 0041642 112.2532 248.3072 14.87352517917103
COSMOS 2251 DEB         
1 34001U 93036GL  26147.59685536  .00000369  00000+0  13242-3 0  9998
2 34001  74.0384 336.5651 0019948  19.6335  36.7176 14.37276638905295
COSMOS 2251 DEB         
1 34003U 93036GN  26146.03493323  .00001854  00000+0  12291-2 0  9991
2 34003  74.0773   8.4004 0278289  82.8054 280.4617 13.84888712866995
COSMOS 2251 DEB         
1 34004U 93036GP  26147.54400611  .00003763  00000+0  96375-3 0  9994
2 34004  74.0354   1.8098 0029595 340.0200  19.9799 14.50451627904339
COSMOS 2251 DEB         
1 34005U 93036GQ  26147.33440236  .00000276  00000+0  95010-4 0  9991
2 34005  74.0453 267.6578 0020762 345.2777  45.6204 14.40432450907633
COSMOS 2251 DEB         
1 34006U 93036GR  26147.47330413  .00061401  00000+0  36723-2 0  9993
2 34006  74.0461 165.2255 0002815 330.3033 158.5877 15.10737376911589
COSMOS 2251 DEB         
1 34007U 93036GS  26147.11564119  .00003435  00000+0  62204-3 0  9994
2 34007  74.0195  28.1935 0046176 121.9341 238.6331 14.66032119915021
COSMOS 2251 DEB         
1 34008U 93036GT  26147.15098641  .00000221  00000+0  89408-4 0  9997
2 34008  74.0354  28.2008 0023563 344.1175 137.7163 14.33254257903347
COSMOS 2251 DEB         
1 34009U 93036GU  26147.13964214  .00000281  00000+0  11073-3 0  9992
2 34009  74.0382  34.6472 0026702  66.0043  85.6273 14.33351131903158
COSMOS 2251 DEB         
1 34011U 93036GW  26147.05271915  .00002192  00000+0  66127-3 0  9998
2 34011  74.0144  23.1485 0038087  71.4137 289.1150 14.42646075902997
COSMOS 2251 DEB         
1 34014U 93036GZ  26147.56531855  .00005616  00000+0  82754-3 0  9997
2 34014  74.0161 316.6637 0038294  56.4400   5.7504 14.75091354917478
COSMOS 2251 DEB         
1 34015U 93036HA  26147.56122748  .00001551  00000+0  31876-3 0  9998
2 34015  74.0228 202.3158 0021220 260.8457 227.5670 14.61363076909529
COSMOS 2251 DEB         
1 34018U 93036HD  26147.53562647  .00000416  00000+0  31722-3 0  9993
2 34018  73.8755 171.0596 0264751 176.6736 309.5969 13.81289226869469
COSMOS 2251 DEB         
1 34019U 93036HE  26147.30266667  .00001465  00000+0  51713-3 0  9999
2 34019  73.9516 106.0796 0062512 248.6475 232.6101 14.34559371898946
COSMOS 2251 DEB         
1 34021U 93036HG  26147.17819113  .00000968  00000+0  25390-3 0  9996
2 34021  74.0344 179.0437 0021474 281.1349 142.9505 14.50466628910289
COSMOS 2251 DEB         
1 34022U 93036HH  26147.52363644  .00000512  00000+0  17331-3 0  9990
2 34022  74.0536 325.2584 0022334 351.3666  78.3484 14.39191771905800
COSMOS 2251 DEB         
1 34023U 93036HJ  26147.48433477  .00000783  00000+0  25176-3 0  9994
2 34023  74.0244 304.9103 0018619   4.1788  51.6217 14.40900852906019
COSMOS 2251 DEB         
1 34024U 93036HK  26147.33439994  .00000426  00000+0  15651-3 0  9990
2 34024  74.0472  12.4396 0020806  25.3102  91.3812 14.35572014904002
COSMOS 2251 DEB         
1 34026U 93036HM  26147.50532610  .00000742  00000+0  62171-3 0  9990
2 34026  73.7677  61.5801 0347321 265.4245 277.0862 13.65623605857945
COSMOS 2251 DEB         
1 34028U 93036HP  26147.27992612  .00000208  00000+0  25628-3 0  9991
2 34028  73.8814  93.3876 0546482 203.4107 312.2437 13.20779550831937
COSMOS 2251 DEB         
1 34031U 93036HS  26147.53763456  .00003757  00000+0  76282-3 0  9990
2 34031  74.0115 178.5561 0024031 259.3347 253.0360 14.61342665909866
COSMOS 2251 DEB         
1 34035U 93036HW  26147.65813635  .00005546  00000+0  13093-2 0  9990
2 34035  74.0654  36.5592 0039597   1.9419  24.9964 14.53946995903764
COSMOS 2251 DEB         
1 34036U 93036HX  26147.49637120  .00058919  00000+0  34082-2 0  9999
2 34036  74.0133 170.1213 0009512 223.9333 136.1104 15.11925869910613
COSMOS 2251 DEB         
1 34037U 93036HY  26147.31568040  .00001336  00000+0  46921-3 0  9992
2 34037  74.0494 107.2593 0052668 118.0662 242.5831 14.35157955900925
COSMOS 2251 DEB         
1 34040U 93036JB  26147.44939380  .00001844  00000+0  14533-2 0  9996
2 34040  73.9551 151.8978 0336171  72.9468 290.8183 13.68987953858673
COSMOS 2251 DEB         
1 34045U 93036JG  26147.61547861  .00000196  00000+0  78973-4 0  9998
2 34045  74.0397   7.3031 0025716  51.7228 329.2048 14.34154985904115
COSMOS 2251 DEB         
1 34046U 93036JH  26147.52194499  .00004340  00000+0  11345-2 0  9997
2 34046  74.0387  60.5196 0076624 105.0816  73.5390 14.47924586902245
COSMOS 2251 DEB         
1 34050U 93036JM  26147.56124252  .00001055  00000+0  63746-3 0  9999
2 34050  74.0867  85.4743 0216831 110.5250  61.2877 13.96608955877467
COSMOS 2251 DEB         
1 34053U 93036JQ  26147.61669459  .00000552  00000+0  51987-3 0  9996
2 34053  73.8441 334.7902 0423792  95.8374 269.1193 13.49354394849215
COSMOS 2251 DEB         
1 34056U 93036JT  26147.46248620  .00003376  00000+0  14293-2 0  9990
2 34056  74.0559 139.7373 0125530 149.3095   7.7055 14.21660545887652
COSMOS 2251 DEB         
1 34058U 93036JV  26147.45671490  .00000636  00000+0  59349-3 0  9994
2 34058  73.9337 269.4465 0377278 233.2878 201.2725 13.56271022853898
COSMOS 2251 DEB         
1 34059U 93036JW  26147.26492097  .00002055  00000+0  49407-3 0  9999
2 34059  74.0376 233.7292 0018271 272.7028 148.3645 14.53915661908644
COSMOS 2251 DEB         
1 34061U 93036JY  26147.57687303  .00000793  00000+0  25594-3 0  9990
2 34061  74.0386 316.7542 0020353 356.6246  69.3783 14.40696555905686
COSMOS 2251 DEB         
1 34062U 93036JZ  26147.21280560  .00012418  00000+0  14359-2 0  9999
2 34062  74.0254 171.0501 0069558 209.8048 224.9846 14.83845927910464
COSMOS 2251 DEB         
1 34064U 93036KB  26147.61870219  .00001215  00000+0  37071-3 0  9991
2 34064  74.0318 322.9783 0021753 353.9710  77.8805 14.42890481905349
COSMOS 2251 DEB         
1 34065U 93036KC  26147.57846622  .00000369  00000+0  13007-3 0  9990
2 34065  74.0354 312.6057 0016348  12.0223  62.0807 14.38225766905897
COSMOS 2251 DEB         
1 34070U 93036KH  26147.47045030  .00016379  00000+0  20522-2 0  9996
2 34070  73.9971 149.1535 0020423 228.9768 284.8287 14.82079153910620
COSMOS 2251 DEB         
1 34114U 93036KK  26146.92951412  .00011783  00000+0  24467-2 0  9990
2 34114  74.0562  89.9375 0041406  48.2140  14.2589 14.59651472902097
COSMOS 2251 DEB         
1 34115U 93036KL  26147.46033282  .00008311  00000+0  10363-2 0  9990
2 34115  74.0053 274.3980 0030007  54.9655 305.4331 14.82244419918659
COSMOS 2251 DEB         
1 34116U 93036KM  26147.65369749  .00002519  00000+0  60285-3 0  9995
2 34116  74.0410 229.5076 0012057 269.9380 211.1062 14.54047767908977
COSMOS 2251 DEB         
1 34117U 93036KN  26147.65485594  .00001874  00000+0  58391-3 0  9991
2 34117  74.0399  37.1068 0056227  75.1378 285.5995 14.40686542905128
COSMOS 2251 DEB         
1 34118U 93036KP  26147.45442466  .00028339  00000+0  21290-2 0  9993
2 34118  73.9500 271.9433 0055891  60.4448   7.9125 15.01217533916576
COSMOS 2251 DEB         
1 34120U 93036KR  26147.50058943  .00000402  00000+0  25581-3 0  9994
2 34120  73.9917 289.0367 0182442  80.6179 347.8012 13.98850529882985
COSMOS 2251 DEB         
1 34121U 93036KS  26147.52303556  .00001562  00000+0  97466-3 0  9999
2 34121  73.9897 172.9145 0238896 342.3056 133.0950 13.92529503874328
COSMOS 2251 DEB         
1 34122U 93036KT  26147.44709207  .00006979  00000+0  11850-2 0  9993
2 34122  74.0337 159.2174 0080413  12.3659 142.9496 14.67213472911136
COSMOS 2251 DEB         
1 34127U 93036KY  26147.34148774  .00004611  00000+0  15823-2 0  9998
2 34127  74.1761 104.2232 0112869 256.2735 258.0171 14.32853818891427
COSMOS 2251 DEB         
1 34128U 93036KZ  26147.61028914  .00035063  00000+0  19211-2 0  9992
2 34128  73.9940 314.9189 0022851  42.3316  34.0662 15.13822648916663
COSMOS 2251 DEB         
1 34129U 93036LA  26146.70958260  .00007605  00000+0  10318-2 0  9998
2 34129  74.0347  15.8871 0032758  60.8954 299.5495 14.78657630637346
COSMOS 2251 DEB         
1 34136U 93036LH  26147.21372943  .00003041  00000+0  37164-3 0  9990
2 34136  74.0197  75.9552 0085076 156.5287   1.1787 14.81179107924592
COSMOS 2251 DEB         
1 34139U 93036LL  26147.55865177  .00005749  00000+0  11504-2 0  9992
2 34139  74.0295 297.3008 0040475 333.2908 102.0269 14.61522314905706
COSMOS 2251 DEB         
1 34141U 93036LN  26147.24963742  .00006870  00000+0  17051-2 0  9997
2 34141  74.0090  77.3576 0050770 125.5902  24.7542 14.51231218900936
COSMOS 2251 DEB         
1 34270U 93036LQ  26147.61000045  .00003915  00000+0  70373-3 0  9993
2 34270  74.0116 346.7006 0049176  98.6096 262.0649 14.66207786915267
COSMOS 2251 DEB         
1 34271U 93036LR  26146.31494007  .00010595  00000+0  15679-2 0  9994
2 34271  74.0187 238.2836 0016565 263.9449 159.9053 14.75163864906583
COSMOS 2251 DEB         
1 34273U 93036LT  26147.38211035  .00004258  00000+0  84133-3 0  9993
2 34273  74.0339 130.3110 0015697 212.8311 297.5804 14.62642728910425
COSMOS 2251 DEB         
1 34274U 93036LU  26147.34597265  .00005860  00000+0  10544-2 0  9996
2 34274  74.0013 108.9586 0023687 215.2180 296.5411 14.66645509911026
COSMOS 2251 DEB         
1 34276U 93036LW  26147.09790866  .00002357  00000+0  51480-3 0  9995
2 34276  74.0204 130.6401 0023674 234.3822 245.8766 14.58228928910021
COSMOS 2251 DEB         
1 34297U 93036MT  26147.63188473  .00000303  00000+0  11140-3 0  9991
2 34297  74.0484 339.5755 0017069   9.6018  56.9246 14.36762553904476
COSMOS 2251 DEB         
1 34301U 93036MX  26147.59845319  .00028476  00000+0  26530-2 0  9990
2 34301  74.0022 194.3381 0010375 245.1017 240.6224 14.94109391908708
COSMOS 2251 DEB         
1 34302U 93036MY  26147.56755681  .00001716  00000+0  53251-3 0  9999
2 34302  74.1767 179.9081 0077780 346.8788 168.8364 14.40117327901077
COSMOS 2251 DEB         
1 34303U 93036MZ  26147.57733704  .00007638  00000+0  15266-2 0  9995
2 34303  74.0048 333.1409 0135078  71.9269 345.0509 14.56342326903755
COSMOS 2251 DEB         
1 34304U 93036NA  26147.14225226  .00002335  00000+0  69491-3 0  9993
2 34304  74.0107 177.1441 0128451 275.2535 140.6571 14.39049705896751
COSMOS 2251 DEB         
1 34307U 93036ND  26147.19424065  .00000723  00000+0  66496-3 0  9994
2 34307  74.0546  47.5468 0392720 202.4272 315.5718 13.54595347851023
COSMOS 2251 DEB         
1 34314U 93036NL  26147.59928874  .00001209  00000+0  57291-3 0  9996
2 34314  74.0062  12.2902 0104083  80.9495 308.3942 14.17811512890088
COSMOS 2251 DEB         
1 34316U 93036NN  26147.05317478  .00020987  00000+0  17155-2 0  9999
2 34316  74.0642   3.6398 0011440  87.0162 273.2334 14.99264258916814
COSMOS 2251 DEB         
1 34317U 93036NP  26147.40317068  .00000370  00000+0  32719-3 0  9992
2 34317  73.9220 122.9733 0334584  81.3248  69.5804 13.65343572858803
COSMOS 2251 DEB         
1 34321U 93036NT  26147.59571797  .00001426  00000+0  36901-3 0  9998
2 34321  74.0279 204.5512 0016391 293.1029 190.0317 14.50743749908911
COSMOS 2251 DEB         
1 34323U 93036NV  26147.45316389  .00012189  00000+0  16095-2 0  9998
2 34323  73.9492 156.5428 0054037 165.2131 313.9192 14.79049491908867
COSMOS 2251 DEB         
1 34325U 93036NX  26147.35075044  .00002078  00000+0  11052-2 0  9993
2 34325  73.8703 260.7698 0189751 247.1214 176.6624 14.05336795878410
COSMOS 2251 DEB         
1 34327U 93036NZ  26147.22980949  .00011882  00000+0  11186-2 0  9991
2 34327  73.9925 199.0597 0032791 332.6310  88.2319 14.93498928919755
COSMOS 2251 DEB         
1 34340U 93036PN  26147.11593395  .00001665  00000+0  11770-2 0  9996
2 34340  74.0773  31.5982 0291570 101.7921  12.0884 13.80078381865491
COSMOS 2251 DEB         
1 34343U 93036PR  26147.40860017  .00009850  00000+0  15575-2 0  9990
2 34343  74.0167 127.4950 0019750 355.0871 158.0715 14.72267332911660
COSMOS 2251 DEB         
1 34344U 93036PS  26147.47759611  .00002456  00000+0  10889-2 0  9993
2 34344  73.9759 174.1692 0154221 320.7507 165.6811 14.17476306884444
COSMOS 2251 DEB         
1 34346U 93036PU  26147.66561154  .00001548  00000+0  87933-3 0  9995
2 34346  73.9942  24.1631 0209447 165.2718 227.1308 14.00252334877323
COSMOS 2251 DEB         
1 34383U 93036PY  26147.47958611  .00155534  00000+0  42441-2 0  9992
2 34383  74.0200 308.9620 0008753  79.1951 281.0240 15.36706812916359
COSMOS 2251 DEB         
1 34387U 93036QC  26147.29232588  .00000789  00000+0  23567-3 0  9994
2 34387  74.0405 264.0676 0038744 320.9201  66.5930 14.44215064905713
COSMOS 2251 DEB         
1 34388U 93036QD  26147.31988745  .00002289  00000+0  59391-3 0  9992
2 34388  74.0384 272.2909 0012762 285.5302 102.3457 14.50282851905550
COSMOS 2251 DEB         
1 34389U 93036QE  26147.56225782  .00000996  00000+0  31040-3 0  9999
2 34389  74.0181 302.2123 0029330  16.6573  57.8854 14.41951560904026
COSMOS 2251 DEB         
1 34396U 93036QM  26147.44296225  .00013092  00000+0  17822-2 0  9996
2 34396  74.0260 159.1077 0006077 194.1389 290.3097 14.78765904907929
COSMOS 2251 DEB         
1 34409U 93036RA  26147.64646626  .00000755  00000+0  16256-3 0  9990
2 34409  74.0633 351.6490 0079557  23.4006  43.9141 14.58372614916112
COSMOS 2251 DEB         
1 34410U 93036RB  26147.52553745  .00161616  00000+0  32127-2 0  9996
2 34410  73.7266 261.7921 0014776  49.5629 310.6866 15.46166364923111
COSMOS 2251 DEB         
1 34412U 93036RD  26147.02502093  .00004781  00000+0  10218-2 0  9999
2 34412  73.9486  13.2810 0186240  72.1121 290.0249 14.48766109900431
COSMOS 2251 DEB         
1 34413U 93036RE  26147.52615044  .00002630  00000+0  98083-3 0  9994
2 34413  74.0307 323.4742 0090451   3.6853  56.2023 14.30194168895004
COSMOS 2251 DEB         
1 34420U 93036RM  26147.44189469  .00000651  00000+0  10856-3 0  9993
2 34420  74.0308 143.3376 0106228 222.0748 290.6603 14.68640220922022
COSMOS 2251 DEB         
1 34425U 93036RS  26147.30271329  .00001653  00000+0  32614-3 0  9999
2 34425  74.0166  96.8899 0026965 181.0982 179.0131 14.63095152911616
COSMOS 2251 DEB         
1 34430U 93036RX  26147.60321475  .00000975  00000+0  31071-3 0  9998
2 34430  74.0517 357.2178 0060304  27.3618 333.0691 14.40069133903427
COSMOS 2251 DEB         
1 34431U 93036RY  26147.61635628  .00001317  00000+0  51479-3 0  9993
2 34431  74.0752 234.7976 0066883 179.1996 180.9274 14.29300081895127
COSMOS 2251 DEB         
1 34432U 93036RZ  26147.49680235  .00000709  00000+0  40595-3 0  9995
2 34432  73.8257 170.1588 0182814 223.2605 289.2910 14.03352367880094
COSMOS 2251 DEB         
1 34433U 93036SA  26147.18445797  .00002059  00000+0  98842-3 0  9992
2 34433  74.0077 221.6420 0151391 321.6856  37.3603 14.13728331882870
COSMOS 2251 DEB         
1 34434U 93036SB  26147.29036056  .00003242  00000+0  18753-2 0  9996
2 34434  74.0576  88.1444 0282045 185.8121 328.0253 13.91229132862670
COSMOS 2251 DEB         
1 34446U 93036SP  26146.30009831  .00000356  00000+0  98744-4 0  9994
2 34446  74.0400 108.6319 0051537 205.1635 154.7014 14.49519824910783
COSMOS 2251 DEB         
1 34449U 93036SS  26147.27224565  .00055175  00000+0  36151-2 0  9998
2 34449  74.0244  93.2480 0017718 119.3567  31.2473 15.07305849911776
COSMOS 2251 DEB         
1 34451U 93036SU  26147.31020527  .00054119  00000+0  33688-2 0  9997
2 34451  74.0396 110.1143 0015401 117.2755 243.0008 15.09227117911225
COSMOS 2251 DEB         
1 34452U 93036SV  26147.56502678  .00014058  00000+0  67952-3 0  9997
2 34452  74.0250 197.8728 0058647 232.0821 127.5065 15.17094425931735
COSMOS 2251 DEB         
1 34454U 93036SX  26147.59323890  .00000520  00000+0  17553-3 0  9990
2 34454  74.0585 332.1283 0035189 354.7291   5.3488 14.39046659904536
COSMOS 2251 DEB         
1 34459U 93036TC  26147.55534872  .00000404  00000+0  24522-3 0  9990
2 34459  74.0787 327.3920 0191115 357.7734   2.2527 14.00752784880338
COSMOS 2251 DEB         
1 34468U 93036TM  26147.40422226  .00000755  00000+0  20389-3 0  9999
2 34468  74.0110 166.7343 0076497 271.3043  87.9353 14.47971212908597
COSMOS 2251 DEB         
1 34472U 93036TR  26147.53399047  .00001872  00000+0  14456-2 0  9990
2 34472  74.0820 185.3475 0330996 277.4069  78.9555 13.70791775859986
COSMOS 2251 DEB         
1 34474U 93036TT  26147.15190104  .00002887  00000+0  14345-2 0  9997
2 34474  74.0774  37.0843 0201099  72.6363  77.5820 14.07539415878355
COSMOS 2251 DEB         
1 34476U 93036TV  26146.47328687  .00003787  00000+0  23757-2 0  9999
2 34476  74.0053 164.4480 0311975 347.4396  11.9075 13.83481825859158
COSMOS 2251 DEB         
1 34477U 93036TW  26147.36835024  .00002889  00000+0  61293-3 0  9997
2 34477  73.9761 113.5936 0076164 260.4340 253.4451 14.57843456910383
COSMOS 2251 DEB         
1 34478U 93036TX  26147.06054223  .00122679  00000+0  37628-2 0  9993
2 34478  74.0375  20.7135 0032388 176.0753 184.0712 15.32687178914842
COSMOS 2251 DEB         
1 34481U 93036UA  26146.94003815  .00001433  00000+0  51807-3 0  9994
2 34481  73.9769 110.6524 0071017 245.9244 169.1552 14.33058933898157
COSMOS 2251 DEB         
1 34482U 93036UB  26147.40260529  .00011696  00000+0  17885-2 0  9993
2 34482  74.0353 261.6348 0040164 284.4317 145.9500 14.73268938906245
COSMOS 2251 DEB         
1 34544U 93036UE  26147.42292381  .00000541  00000+0  51589-3 0  9992
2 34544  73.9161 295.7529 0381382 293.6257  92.2618 13.54941505851264
COSMOS 2251 DEB         
1 34546U 93036UG  26147.61711341  .00001723  00000+0  48841-3 0  9997
2 34546  74.0299 299.6880 0021451 338.1372 149.5654 14.46124399904232
COSMOS 2251 DEB         
1 34547U 93036UH  26146.25818063  .00007456  00000+0  10911-2 0  9991
2 34547  74.0279 139.4681 0018443 186.4262 173.6679 14.75699280909463
COSMOS 2251 DEB         
1 34553U 93036UP  26147.28891244  .00005220  00000+0  11030-2 0  9994
2 34553  74.0248 236.4286 0019249 277.5842 146.8786 14.59475832905101
COSMOS 2251 DEB         
1 34554U 93036UQ  26146.64608120  .00000618  00000+0  21151-3 0  9995
2 34554  74.0387 355.2655 0022934  21.1289  36.9465 14.38238694901265
COSMOS 2251 DEB         
1 34556U 93036US  26147.50561836  .00014308  00000+0  17594-2 0  9991
2 34556  74.0129 157.5764 0008558 203.6366 317.9668 14.83008061907822
COSMOS 2251 DEB         
1 34560U 93036UW  26147.55453308  .00010206  00000+0  14787-2 0  9999
2 34560  74.0152 178.0221 0015373 228.5779 290.7255 14.76091989906952
COSMOS 2251 DEB         
1 34563U 93036UZ  26147.54545015  .00001227  00000+0  34369-3 0  9990
2 34563  74.0380 253.9820 0013868 309.8696  62.2448 14.47081407905951
COSMOS 2251 DEB         
1 34564U 93036VA  26147.45240973  .00000643  00000+0  20807-3 0  9999
2 34564  74.0324 291.3384 0019063 357.2445  59.5014 14.40965626903934
COSMOS 2251 DEB         
1 34567U 93036VD  26147.65246854  .00000303  00000+0  13861-3 0  9993
2 34567  74.0416 218.1235 0074561 252.4062 260.7549 14.24176915894863
COSMOS 2251 DEB         
1 34569U 93036VF  26147.27965814  .00001031  00000+0  39519-3 0  9994
2 34569  73.9905 258.6609 0157022  49.3163 338.9574 14.25233581893262
COSMOS 2251 DEB         
1 34570U 93036VG  26147.12375182  .00001400  00000+0  82456-3 0  9991
2 34570  73.9578 290.5630 0190468 138.1924 335.7576 14.00148437879159
COSMOS 2251 DEB         
1 34571U 93036VH  26147.63779546  .00008008  00000+0  19418-2 0  9998
2 34571  74.0389 230.6333 0060513 227.2674 132.3386 14.51962168896998
COSMOS 2251 DEB         
1 34572U 93036VJ  26147.00550942  .00006292  00000+0  14984-2 0  9993
2 34572  74.0077 163.8347 0063343 200.1839 184.9778 14.52759706897769
COSMOS 2251 DEB         
1 34574U 93036VL  26146.85582600  .00007650  00000+0  11565-2 0  9994
2 34574  74.0671  82.5979 0063182  62.1000   5.5458 14.73039986912086
COSMOS 2251 DEB         
1 34576U 93036VN  26147.58361194  .00002116  00000+0  48167-3 0  9991
2 34576  74.0322 183.6911 0009352 277.6198 239.6887 14.56509649908800
COSMOS 2251 DEB         
1 34579U 93036VR  26147.40535288  .00001251  00000+0  35834-3 0  9998
2 34579  74.0526 275.3198 0026985 304.4366 111.7030 14.45823348905688
COSMOS 2251 DEB         
1 34582U 93036VU  26147.55379712  .00001496  00000+0  43936-3 0  9999
2 34582  74.0186 323.8207 0048825  36.2850 324.1601 14.43992609903406
COSMOS 2251 DEB         
1 34588U 93036WA  26147.65271010  .00001123  00000+0  34617-3 0  9991
2 34588  74.0428 320.6889 0018302 337.5161 102.0639 14.42495551903420
COSMOS 2251 DEB         
1 34589U 93036WB  26147.02223199  .00000767  00000+0  53604-3 0  9998
2 34589  73.9234 134.3146 0247497  45.5402  12.1020 13.86374867870020
COSMOS 2251 DEB         
1 34590U 93036WC  26147.60982238  .00000557  00000+0  13205-3 0  9990
2 34590  74.0445   8.7244 0068295  96.4044 295.2977 14.55023502915338
COSMOS 2251 DEB         
1 34609U 93036WE  26147.49008858  .00001333  00000+0  55087-3 0  9992
2 34609  73.7305 163.6081 0142472 356.1830 155.8571 14.22402174889880
COSMOS 2251 DEB         
1 34610U 93036WF  26147.58187833  .00001448  00000+0  74572-3 0  9992
2 34610  74.0162 331.2255 0180954  64.4555 297.5168 14.07920914878933
COSMOS 2251 DEB         
1 34611U 93036WG  26147.43931133  .00010089  00000+0  15854-2 0  9995
2 34611  74.0500 139.4372 0020579 145.3192   7.4592 14.72520970908270
COSMOS 2251 DEB         
1 34613U 93036WJ  26146.31584266  .00003038  00000+0  11663-2 0  9994
2 34613  73.9624 339.4341 0113556 133.3866  42.9783 14.27386200888109
COSMOS 2251 DEB         
1 34614U 93036WK  26147.51288789  .00011192  00000+0  43540-2 0  9998
2 34614  73.8770  44.5262 0182137  10.8168  43.7087 14.21173065871196
COSMOS 2251 DEB         
1 34615U 93036WL  26147.63702711  .00000501  00000+0  48311-3 0  9992
2 34615  74.0078  28.0463 0397310 260.7763 122.1429 13.52404285850585
COSMOS 2251 DEB         
1 34619U 93036WQ  26147.26507461  .00000833  00000+0  15151-3 0  9994
2 34619  74.0445 241.7202 0094060 294.1629  64.9726 14.65103953917221
COSMOS 2251 DEB         
1 34620U 93036WR  26147.34278912  .00009964  00000+0  23552-2 0  9998
2 34620  74.0496 268.2350 0071990 265.8377  93.4555 14.52642424892292
COSMOS 2251 DEB         
1 34622U 93036WT  26147.60243707  .00001633  00000+0  69914-3 0  9991
2 34622  74.0416   9.2515 0106602  54.1216 337.8789 14.22626515888189
COSMOS 2251 DEB         
1 34626U 93036WX  26147.61765356  .00005051  00000+0  76667-3 0  9996
2 34626  74.0478   0.8304 0027352  52.6852  10.2308 14.74093598915879
COSMOS 2251 DEB         
1 34634U 93036XF  26147.23883994  .00001353  00000+0  30877-3 0  9996
2 34634  74.0511  81.4958 0044998 146.8963   3.8603 14.56173441911902
COSMOS 2251 DEB         
1 34635U 93036XG  26147.64992150  .00007448  00000+0  12241-2 0  9992
2 34635  74.0423 109.4512 0029071 139.6371  39.1833 14.70486190756560
COSMOS 2251 DEB         
1 34637U 93036XJ  26147.43024633  .00003470  00000+0  69476-3 0  9997
2 34637  74.0468 144.7942 0049917 174.3431 346.3275 14.61400779909465
COSMOS 2251 DEB         
1 34641U 93036XN  26147.40178848  .00003822  00000+0  92908-3 0  9994
2 34641  73.8364 125.4669 0015626   5.7655 147.2534 14.53115334906610
COSMOS 2251 DEB         
1 34642U 93036XP  26147.19224400  .00001427  00000+0  82368-3 0  9995
2 34642  74.0034  53.0511 0209156 194.6741 320.0836 13.99549545876073
COSMOS 2251 DEB         
1 34671U 93036XR  26147.50085567  .00007196  00000+0  12110-2 0  9997
2 34671  74.0251 173.4908 0012526 222.3121 288.0953 14.69686370907307
COSMOS 2251 DEB         
1 34672U 93036XS  26142.38243388  .00000334  00000+0  12188-3 0  9999
2 34672  74.0345  10.3845 0023843  46.9311 129.6939 14.36637594674848
COSMOS 2251 DEB         
1 34678U 93036XY  26147.19412374  .00000024  00000+0  19323-4 0  9997
2 34678  74.0384  64.8905 0024320  75.1862  75.2394 14.30091202897442
COSMOS 2251 DEB         
1 34680U 93036YA  26147.47706041  .00004072  00000+0  81278-3 0  9992
2 34680  74.0416 172.9483 0007794 234.3061 252.0332 14.62245112907499
COSMOS 2251 DEB         
1 34681U 93036YB  26147.53426031  .00009027  00000+0  10091-2 0  9997
2 34681  74.0612 321.6065 0022215 343.8864  72.5306 14.86875619917325
COSMOS 2251 DEB         
1 34682U 93036YC  26147.37250075  .00003371  00000+0  70651-3 0  9998
2 34682  74.0366 127.2228 0019643 217.1695 293.3312 14.59994278911023
COSMOS 2251 DEB         
1 34683U 93036YD  26147.41044043  .00005529  00000+0  10022-2 0  9992
2 34683  74.0263 133.1627 0019658 207.6787 303.7069 14.66388949907751
COSMOS 2251 DEB         
1 34685U 93036YF  26147.58917604  .00003177  00000+0  68276-3 0  9996
2 34685  74.0288 193.0371 0015230 258.6673 254.6023 14.58918533909499
COSMOS 2251 DEB         
1 34689U 93036YK  26147.45914038  .00004674  00000+0  22653-2 0  9995
2 34689  74.0864 294.5127 0220544 325.0155  90.5304 14.06765860866700
COSMOS 2251 DEB         
1 34721U 93036YP  26147.13086517  .00001449  00000+0  86075-3 0  9995
2 34721  73.9234  39.1597 0215139 304.9039 209.0074 13.97528173874591
COSMOS 2251 DEB         
1 34722U 93036YQ  26143.49998469  .00000578  00000+0  28910-3 0  9995
2 34722  73.8770  47.4902 0163868 302.3517 241.0995 14.12369921885280
COSMOS 2251 DEB         
1 34726U 93036YU  26147.63238112  .00001746  00000+0  36395-3 0  9995
2 34726  74.0287  29.6703 0043354 138.0669 222.3831 14.60179935909230
COSMOS 2251 DEB         
1 34728U 93036YW  26147.14803164  .00004428  00000+0  69647-3 0  9994
2 34728  74.0160 289.8537 0041883  46.4959 313.9681 14.72254362912332
COSMOS 2251 DEB         
1 34729U 93036YX  26147.11115615  .00014792  00000+0  16191-2 0  9999
2 34729  74.0166  29.4602 0016970 118.1357  31.8357 14.87709623909139
COSMOS 2251 DEB         
1 34732U 93036ZA  26147.04717280  .00000334  00000+0  97726-4 0  9993
2 34732  74.0430 144.2387 0040604 253.3418 164.4852 14.47457245905353
COSMOS 2251 DEB         
1 34738U 93036ZG  26147.21159424  .00000739  00000+0  20961-3 0  9993
2 34738  74.0147 193.8909 0047504 299.7127 123.6243 14.46660240902517
COSMOS 2251 DEB         
1 34750U 93036ZU  26147.09471323  .00005702  00000+0  11004-2 0  9990
2 34750  74.1066 246.3788 0035725 151.9067 267.7510 14.63270975906483
COSMOS 2251 DEB         
1 34752U 93036ZW  26147.64271924  .00015812  00000+0  11010-2 0  9998
2 34752  74.0127  21.6093 0046828 109.1511 251.4756 15.04543472923415
COSMOS 2251 DEB         
1 34754U 93036ZY  26147.57065079  .00000430  00000+0  14215-3 0  9995
2 34754  74.0305 280.7844 0029619 357.3238 127.8866 14.40708896905217
COSMOS 2251 DEB         
1 34755U 93036ZZ  26147.66883541  .00000812  00000+0  77288-3 0  9991
2 34755  73.9256  23.2703 0405595  12.7677  16.8891 13.50894604847645
COSMOS 2251 DEB         
1 34756U 93036AAA 26147.48010397  .00000690  00000+0  56119-3 0  9997
2 34756  74.0023 191.6916 0341681  32.6840 329.4920 13.67672218856878
COSMOS 2251 DEB         
1 34758U 93036AAC 26147.10374106  .00001539  00000+0  13067-2 0  9996
2 34758  74.1063  33.2053 0387509 118.9658 245.0885 13.58507389851551
COSMOS 2251 DEB         
1 34760U 93036AAE 26147.58317461  .00000981  00000+0  45188-3 0  9992
2 34760  74.0636   6.2985 0096184  19.6390   8.6694 14.19963913890426
COSMOS 2251 DEB         
1 34761U 93036AAF 26147.46427004  .00001705  00000+0  56007-3 0  9992
2 34761  74.0286  57.2092 0036389  55.6164 304.8422 14.38690074900320
COSMOS 2251 DEB         
1 34784U 93036AAM 26147.64326081  .00002087  00000+0  41893-3 0  9991
2 34784  74.0069   6.5859 0050555 134.4063 226.1260 14.61537845909582
COSMOS 2251 DEB         
1 34790U 93036AAT 26147.49790788  .00000837  00000+0  34917-3 0  9990
2 34790  74.0530 305.1069 0099180 327.7731  98.5908 14.25186089889340
COSMOS 2251 DEB         
1 34792U 93036AAV 26147.61516837  .00003058  00000+0  68035-3 0  9993
2 34792  74.0175 214.4791 0013186 273.3935 237.0094 14.57350117900659
COSMOS 2251 DEB         
1 34793U 93036AAW 26147.48528593  .00000636  00000+0  21192-3 0  9993
2 34793  74.0023 304.0797 0050885  59.5613 357.0779 14.38897724897149
COSMOS 2251 DEB         
1 34796U 93036AAZ 26147.38303294  .00001508  00000+0  37665-3 0  9995
2 34796  74.0296 265.5327 0099178 327.3666  89.0309 14.49543805904270
COSMOS 2251 DEB         
1 34797U 93036ABA 26146.43829749  .00004602  00000+0  12964-2 0  9991
2 34797  73.9749 152.6324 0072281 227.8424 131.6580 14.44560875897926
COSMOS 2251 DEB         
1 34813U 93036ABC 26146.20709979  .00004517  00000+0  38016-2 0  9998
2 34813  73.9291 228.5369 0439577 231.5844 124.5030 13.51436654838764
COSMOS 2251 DEB         
1 34814U 93036ABD 26147.08077872  .00001547  00000+0  51613-3 0  9995
2 34814  73.8954  18.6321 0054092 230.3127 280.9918 14.37593189897086
COSMOS 2251 DEB         
1 34815U 93036ABE 26147.36943512  .00005606  00000+0  71623-3 0  9993
2 34815  74.0442 275.9186 0055268 303.5435  56.0469 14.80568281910778
COSMOS 2251 DEB         
1 34816U 93036ABF 26146.23135042  .00000779  00000+0  69872-3 0  9999
2 34816  73.8875 234.6523 0372787 269.6302 116.7465 13.58659592850173
COSMOS 2251 DEB         
1 34818U 93036ABH 26147.02052432  .00000525  00000+0  18467-3 0  9993
2 34818  74.0361 352.9796 0024220  31.3995 119.6203 14.37187225897442
COSMOS 2251 DEB         
1 34819U 93036ABJ 26147.54259053  .00005390  00000+0  97978-3 0  9998
2 34819  74.0169 183.2297 0016706 241.2062 277.8226 14.66304804906570
COSMOS 2251 DEB         
1 34823U 93036ABN 26147.40069595  .00001504  00000+0  30012-3 0  9997
2 34823  74.0381 148.4619 0153644 191.3908 168.3767 14.55650104907917
COSMOS 2251 DEB         
1 34845U 93036ABP 26142.45326885  .00000395  00000+0  11777-3 0  9993
2 34845  74.0250 208.2819 0022397 328.8133  31.1695 14.46170377897891
COSMOS 2251 DEB         
1 34846U 93036ABQ 26147.59617112  .00002243  00000+0  60693-3 0  9995
2 34846  74.0292 311.3409 0025284 343.0555  16.9757 14.48157064898042
COSMOS 2251 DEB         
1 34852U 93036ABW 26147.14397383  .00000273  00000+0  10047-3 0  9997
2 34852  74.0325 318.7392 0016167  23.5484 336.6406 14.37124671899106
COSMOS 2251 DEB         
1 34854U 93036ABY 26145.41399826  .00002301  00000+0  31191-3 0  9998
2 34854  74.0277 197.2995 0064995 267.2875  92.0860 14.78121005742990
COSMOS 2251 DEB         
1 34856U 93036ACA 26147.29968428  .00034995  00000+0  18260-2 0  9993
2 34856  74.0050 101.7851 0032554 200.5196 310.1389 15.15315182916125
COSMOS 2251 DEB         
1 34857U 93036ACB 26147.06802122  .00002851  00000+0  58013-3 0  9994
2 34857  74.0125 151.0963 0066061 234.7951 182.7936 14.60176661903133
COSMOS 2251 DEB         
1 34861U 93036ACF 26147.23987446  .00155129  00000+0  61571-2 0  9990
2 34861  74.0044  67.2031 0011528 167.0185 321.1940 15.24554311905956
COSMOS 2251 DEB         
1 34874U 93036ACM 26147.38324421  .00002288  00000+0  76629-3 0  9996
2 34874  74.0363 129.3115 0050390 116.7134  34.9276 14.37167424894239
COSMOS 2251 DEB         
1 34875U 93036ACN 26147.60814517  .00001112  00000+0  29694-3 0  9997
2 34875  74.0438 207.2883 0016623 289.6147 221.1249 14.49474072901586
COSMOS 2251 DEB         
1 34878U 93036ACR 26138.32023976  .00000418  00000+0  42499-3 0  9996
2 34878  73.9625 158.8543 0433597 112.6140 271.1718 13.44416749833772
COSMOS 2251 DEB         
1 34879U 93036ACS 26145.67527849  .00003070  00000+0  27951-2 0  9993
2 34879  73.9058  34.9576 0493795  86.6389 279.1049 13.39567198605359
COSMOS 2251 DEB         
1 34882U 93036ACV 26147.33292428  .00000608  00000+0  12200-3 0  9990
2 34882  74.0467 268.8845 0082654 353.2224   6.7817 14.61901744909444
COSMOS 2251 DEB         
1 34883U 93036ACW 26147.31963823  .00016012  00000+0  34435-2 0  9992
2 34883  74.1966 112.8530 0091125 244.8494 114.3198 14.55934137888467
COSMOS 2251 DEB         
1 34884U 93036ACX 26147.27775493  .00037497  00000+0  30273-2 0  9998
2 34884  74.0126  82.3731 0008259 167.7453 344.4703 14.99642699902791
COSMOS 2251 DEB         
1 34885U 93036ACY 26147.59352089  .00001947  00000+0  48359-3 0  9992
2 34885  74.0304 230.4608 0015281 279.1476 194.0031 14.52435998898861
COSMOS 2251 DEB         
1 34908U 93036ADD 26147.57437326  .00001552  00000+0  51703-3 0  9993
2 34908  74.0575  78.7596 0039506  57.0152 122.3326 14.37982527896627
COSMOS 2251 DEB         
1 34909U 93036ADE 26147.61747974  .00002243  00000+0  29154-3 0  9995
2 34909  74.0112 110.1323 0083698 203.7082 156.0229 14.78919513693033
COSMOS 2251 DEB         
1 34910U 93036ADF 26146.43817906  .00000662  00000+0  69072-3 0  9995
2 34910  73.8738 201.4567 0467798 292.0888  81.6016 13.37926965837278
COSMOS 2251 DEB         
1 34911U 93036ADG 26146.40050469  .00000455  00000+0  97497-4 0  9999
2 34911  74.0405 290.8542 0083491  14.5278  16.4420 14.59601258909895
COSMOS 2251 DEB         
1 34913U 93036ADJ 26146.27913757  .00000093  00000+0  41847-4 0  9990
2 34913  74.0281 340.9511 0020261  52.4612 125.3979 14.34684228675475
COSMOS 2251 DEB         
1 34918U 93036ADP 26141.32503561  .00002979  00000+0  57560-3 0  9997
2 34918  74.0698   8.4827 0025723 292.1964 190.9179 14.63661343676699
COSMOS 2251 DEB         
1 34924U 93036ADV 26146.91348852  .00003023  00000+0  60528-3 0  9993
2 34924  74.0377 133.9370 0054543 177.5124 202.7264 14.61317352901350
COSMOS 2251 DEB         
1 34944U 93036ADX 26140.13423246  .00001259  00000+0  52885-3 0  9990
2 34944  73.7425 306.1485 0220952 128.2162 233.9101 14.14599011663226
COSMOS 2251 DEB         
1 34946U 93036ADZ 26147.35657517  .00002678  00000+0  51971-3 0  9994
2 34946  74.0234  24.5413 0050499 120.7346 239.8810 14.62922711906301
COSMOS 2251 DEB         
1 34949U 93036AEC 26146.36709986  .00001786  00000+0  25811-3 0  9998
2 34949  74.0152 147.7860 0079787 251.2435 108.0069 14.74890349907888
COSMOS 2251 DEB         
1 34953U 93036AEG 26146.22896708  .00005817  00000+0  93594-3 0  9999
2 34953  74.0922  69.6507 0054214  18.4988 131.5346 14.70776726905450
COSMOS 2251 DEB         
1 34955U 93036AEJ 26141.71014017  .00004225  00000+0  29433-3 0  9998
2 34955  74.0355 280.1978 0072496 308.0188  51.4470 15.03648366924360
COSMOS 2251 DEB         
1 34962U 93036AER 26147.25438037  .00001223  00000+0  34255-3 0  9996
2 34962  74.0296 244.0256 0019033 318.1858  41.7845 14.47069294899727
COSMOS 2251 DEB         
1 34963U 93036AES 26143.59328309  .00003013  00000+0  73455-3 0  9994
2 34963  74.1681 100.3510 0042551 245.3662 114.3066 14.52581189891507
COSMOS 2251 DEB         
1 34964U 93036AET 26137.19059410  .00001219  00000+0  67949-3 0  9995
2 34964  73.9712  77.1201 0211819 261.4902  96.2177 14.01316647866556
COSMOS 2251 DEB         
1 34965U 93036AEU 26145.84452394  .00000603  00000+0  16535-3 0  9996
2 34965  74.0504 181.1402 0026953 266.5850  93.2227 14.49078358894907
COSMOS 2251 DEB         
1 34967U 93036AEW 26145.72193547  .00001542  00000+0  44558-3 0  9996
2 34967  73.9920 307.7535 0039626  56.8684 303.6266 14.44975337673250
COSMOS 2251 DEB         
1 34968U 93036AEX 26146.75078212  .00000438  00000+0  93833-4 0  9996
2 34968  74.0385 292.4425 0086412  11.0858 349.2184 14.59662981908853
COSMOS 2251 DEB         
1 34969U 93036AEY 26147.06461746  .00000603  00000+0  22472-3 0  9994
2 34969  74.0138  80.9679 0074800 174.7264 185.4693 14.32527027675046
COSMOS 2251 DEB         
1 34971U 93036AFA 26145.27550897  .00000693  00000+0  15953-3 0  9999
2 34971  73.9780 333.9440 0069804 160.5682  16.0741 14.55896350685522
COSMOS 2251 DEB         
1 34972U 93036AFB 26147.26671250  .00009256  00000+0  13304-2 0  9999
2 34972  73.9868  85.5557 0035694 199.7662 310.7213 14.76096907900904
COSMOS 2251 DEB         
1 34976U 93036AFF 26147.51153179  .00006747  00000+0  89365-3 0  9999
2 34976  74.0554 341.0493 0043630 347.3503  40.7759 14.79410796907232
COSMOS 2251 DEB         
1 34979U 93036AFJ 26146.84986017  .00006641  00000+0  82121-3 0  9998
2 34979  74.0382 301.6025 0046187 340.2093  19.7291 14.82203019906646
COSMOS 2251 DEB         
1 34990U 93036AFN 26132.83991028  .00000617  00000+0  19269-3 0  9993
2 34990  74.0451 331.1273 0015401   0.6638 359.4536 14.42776032895252
COSMOS 2251 DEB         
1 34997U 93036AFV 26143.87924263  .00002272  00000+0  59836-3 0  9996
2 34997  73.8800   5.4847 0090205 307.8567  51.4453 14.47266441730911
COSMOS 2251 DEB         
1 34998U 93036AFW 26146.17758773  .00001248  00000+0  32875-3 0  9990
2 34998  74.0098 210.8779 0021706 316.0968  75.4678 14.49966283898033
COSMOS 2251 DEB         
1 35012U 93036AFZ 26147.46477795  .00000344  00000+0  10129-3 0  9997
2 35012  74.0185 162.3810 0081711 262.0359  97.1521 14.45716446899568
COSMOS 2251 DEB         
1 35014U 93036AGB 26146.07652405  .00009145  00000+0  12467-2 0  9992
2 35014  73.9972  80.5178 0010818 197.5640 162.5163 14.78753979737631
COSMOS 2251 DEB         
1 35015U 93036AGC 26145.65040741  .00002867  00000+0  75489-3 0  9998
2 35015  73.9479 286.5230 0074533 117.1618 259.0299 14.47858619678121
COSMOS 2251 DEB         
1 35016U 93036AGD 26146.01395015  .00000643  00000+0  21750-3 0  9999
2 35016  73.9300 351.1893 0113117 232.0084 280.1011 14.35415892891397
COSMOS 2251 DEB         
1 35018U 93036AGF 26146.43132388  .00000671  00000+0  54191-3 0  9995
2 35018  73.9768 198.6295 0344519  74.3482 289.5362 13.67600497854378
COSMOS 2251 DEB         
1 35020U 93036AGH 26143.26980776  .00000303  00000+0  62043-4 0  9996
2 35020  74.0464 249.4209 0090577 321.9265  37.5523 14.63060930906005
COSMOS 2251 DEB         
1 35022U 93036AGK 26147.28584012  .00001920  00000+0  38711-3 0  9997
2 35022  74.0243   5.2024 0047253 161.8568 198.4299 14.61509014615615
COSMOS 2251 DEB         
1 35023U 93036AGL 26147.51588095  .00019601  00000+0  14875-2 0  9998
2 35023  74.0356 236.3118 0029752 277.5290  98.6246 15.01812120907632
COSMOS 2251 DEB         
1 35025U 93036AGN 26146.29463683  .00002864  00000+0  42085-3 0  9997
2 35025  73.9363 100.2671 0082897 334.6838  25.0281 14.73661890910669
COSMOS 2251 DEB         
1 35026U 93036AGP 26146.96260711  .00000249  00000+0  63668-4 0  9995
2 35026  74.0474   6.8723 0082429  78.5428 346.6785 14.53724673905442
COSMOS 2251 DEB         
1 35028U 93036AGR 26146.81000177  .00000324  00000+0  75799-4 0  9991
2 35028  74.0376 317.6872 0082481  49.8187  12.7881 14.56713443906898
COSMOS 2251 DEB         
1 35031U 93036AGU 26146.82283957  .00000406  00000+0  14134-3 0  9991
2 35031  74.0379 315.0706 0018788  10.2106 349.9426 14.38469455676575
COSMOS 2251 DEB         
1 35032U 93036AGV 26147.17045090  .00003155  00000+0  64350-3 0  9994
2 35032  73.8515  48.2891 0067074 223.2725 288.5136 14.60002221900878
COSMOS 2251 DEB         
1 35033U 93036AGW 26145.50016405  .00001429  00000+0  36182-3 0  9992
2 35033  74.0259 228.1772 0014880 296.8874  63.0766 14.51795761683031
COSMOS 2251 DEB         
1 35038U 93036AHB 26144.33228891  .00002840  00000+0  11180-2 0  9999
2 35038  74.1052 110.1763 0109373  53.9024  94.9053 14.26386600878868
COSMOS 2251 DEB         
1 35043U 93036AHG 26147.20518335  .00029206  00000+0  31602-2 0  9995
2 35043  73.9469  77.0608 0084734 240.5197 118.7510 14.85514291698698
COSMOS 2251 DEB         
1 35045U 93036AHJ 26145.65689885  .00000902  00000+0  54097-3 0  9999
2 35045  73.7168 123.1274 0180894 340.1795  19.2367 14.00727277869389
COSMOS 2251 DEB         
1 35060U 93036AHP 26142.17222534  .00000560  00000+0  17859-3 0  9999
2 35060  74.0367 307.0517 0018214 357.0086   3.0958 14.41948548895545
COSMOS 2251 DEB         
1 35061U 93036AHQ 26146.96950473  .00003609  00000+0  61155-3 0  9996
2 35061  74.0452 346.2698 0040074  57.0833 303.4182 14.69126733910001
COSMOS 2251 DEB         
1 35062U 93036AHR 26147.44119267  .00002243  00000+0  90312-3 0  9999
2 35062  74.0760 155.7120 0124103 115.2097 246.1978 14.24466963878576
COSMOS 2251 DEB         
1 35065U 93036AHU 26143.57448842  .00000725  00000+0  20955-3 0  9995
2 35065  74.0195 252.0847 0020018 339.1123  20.9215 14.46234499706905
COSMOS 2251 DEB         
1 35071U 93036AJA 26136.88855908  .00007695  00000+0  49106-3 0  9995
2 35071  73.9319 213.4156 0063181  70.8476 289.9539 15.07164045698712
COSMOS 2251 DEB         
1 35073U 93036AJC 26145.82970955  .00037822  00000+0  18894-2 0  9995
2 35073  73.9880 351.4428 0015348  99.9049 260.3880 15.17194253699541
COSMOS 2251 DEB         
1 35284U 93036AJN 26147.48515823  .00000401  00000+0  13971-3 0  9997
2 35284  74.0486 319.2007 0016537 357.0840  34.2702 14.38489706679093
COSMOS 2251 DEB         
1 35287U 93036AJR 26145.51880874  .00000246  00000+0  92716-4 0  9995
2 35287  74.0299 335.1496 0017538  34.5820 357.0284 14.36505792892443
COSMOS 2251 DEB         
1 35288U 93036AJS 26146.42101469  .00005056  00000+0  88818-3 0  9994
2 35288  73.9501  55.9376 0037731 245.7781 113.9443 14.67478801902926
COSMOS 2251 DEB         
1 35290U 93036AJU 26146.26815642  .00016713  00000+0  19278-2 0  9999
2 35290  74.0017  93.0362 0007600 187.6461 172.4604 14.85628107903973
COSMOS 2251 DEB         
1 35433U 93036AKB 26139.04776399  .00000370  00000+0  13843-3 0  9996
2 35433  74.0356  50.1601 0025553  70.3763 305.1766 14.34994696888371
COSMOS 2251 DEB         
1 35434U 93036AKC 26147.61842902  .00000925  00000+0  38161-3 0  9999
2 35434  74.0404 274.0751 0086372 305.7680  53.5458 14.26214866884821
COSMOS 2251 DEB         
1 35435U 93036AKD 26144.74604681  .00009790  00000+0  11936-2 0  9990
2 35435  74.0075 141.8630 0011417 210.2766 327.3450 14.83418441899521
COSMOS 2251 DEB         
1 35439U 93036AKH 26147.18578374  .00001291  00000+0  78776-3 0  9998
2 35439  74.0173 211.0362 0241360 343.1333  46.5574 13.93586971862659
COSMOS 2251 DEB         
1 35440U 93036AKJ 26145.55087670  .00001387  00000+0  22996-3 0  9992
2 35440  74.0140 249.9244 0068981 350.0935   9.8870 14.69730844711710
COSMOS 2251 DEB         
1 35441U 93036AKK 26146.90529323  .00007728  00000+0  14273-2 0  9992
2 35441  74.1342 342.7876 0034912 182.8762 177.2213 14.65187705898473
COSMOS 2251 DEB         
1 35442U 93036AKL 26147.38673351  .00025824  00000+0  25583-2 0  9990
2 35442  74.0217 128.3215 0003539 194.8588 165.2491 14.91723687898175
COSMOS 2251 DEB         
1 35443U 93036AKM 26146.54482014  .00090758  00000+0  41560-2 0  9993
2 35443  73.9724 351.5651 0056220  97.5985 263.1602 15.18628550893615
COSMOS 2251 DEB         
1 35445U 93036AKP 26147.61859520  .00006359  00000+0  11082-2 0  9994
2 35445  74.0351 342.9335 0139041  29.9348 330.9676 14.62028541897512
COSMOS 2251 DEB         
1 35446U 93036AKQ 26146.31363646  .00000420  00000+0  10104-3 0  9998
2 35446  74.0474   6.9665 0074675  83.5564 277.4095 14.54792574904018
COSMOS 2251 DEB         
1 35448U 93036AKS 26145.69094171  .00001860  00000+0  43356-3 0  9998
2 35448  73.9000 136.6365 0012475 269.8248  90.1485 14.55507174897193
COSMOS 2251 DEB         
1 35451U 93036AKV 26146.84506370  .00309029  00000+0  20704-2 0  9998
2 35451  73.9155  97.4895 0020614 256.0819 103.8113 15.74006261699650
COSMOS 2251 DEB         
1 35453U 93036AKX 26118.37029156  .00001676  00000+0  54161-3 0  9991
2 35453  74.0021 128.1497 0068613 229.1950 130.3241 14.38572178881838
COSMOS 2251 DEB         
1 35455U 93036AKZ 26147.22330546  .00004288  00000+0  10285-2 0  9997
2 35455  74.0279 343.7567 0100409  48.6326 312.3414 14.50708708889420
COSMOS 2251 DEB         
1 35456U 93036ALA 26142.32624455  .00005521  00000+0  84195-3 0  9992
2 35456  73.9479 163.8002 0062756 333.3803  26.4149 14.72787036682370
COSMOS 2251 DEB         
1 35459U 93036ALD 26145.52729703  .00000495  00000+0  17324-3 0  9997
2 35459  73.8714 242.7832 0016130 157.6339 202.5521 14.37736782607155
COSMOS 2251 DEB         
1 35462U 93036ALG 26146.87707696  .00001936  00000+0  72460-3 0  9990
2 35462  74.0353 328.4206 0083296 325.0167  34.5526 14.30548741687419
COSMOS 2251 DEB         
1 35465U 93036ALK 26145.54552811  .00000708  00000+0  20667-3 0  9991
2 35465  73.9992 251.3865 0064056  12.9212 347.3567 14.44792257896072
COSMOS 2251 DEB         
1 35469U 93036ALP 26147.46097730  .00000278  00000+0  76504-4 0  9996
2 35469  74.0170  72.3286 0077185 187.0444 172.9639 14.49958980905134
COSMOS 2251 DEB         
1 35475U 93036ALV 26147.47009270  .00008403  00000+0  12960-2 0  9998
2 35475  74.0210 203.0927 0019927 242.1848 117.7305 14.73387232680558
COSMOS 2251 DEB         
1 35476U 93036ALW 26147.61521138  .00015037  00000+0  19817-2 0  9996
2 35476  73.9753  93.9705 0012222  47.7371   7.8675 14.80070131903383
COSMOS 2251 DEB         
1 35580U 93036ALX 26146.96814980  .00002015  00000+0  13431-2 0  9997
2 35580  73.9013 257.5538 0278759 231.4259 126.1597 13.84622006645430
COSMOS 2251 DEB         
1 35583U 93036AMA 26147.43107150  .00000728  00000+0  67459-3 0  9996
2 35583  73.9170 303.4077 0382687 297.1998  59.0591 13.55719096846571
COSMOS 2251 DEB         
1 35585U 93036AMC 26147.15655418  .00001645  00000+0  12242-2 0  9990
2 35585  73.9719  72.1177 0305967 310.1735 113.2740 13.75845075663388
COSMOS 2251 DEB         
1 35586U 93036AMD 26144.45085211  .00000299  00000+0  29318-3 0  9996
2 35586  74.0227  41.7781 0403830 242.6507 298.3250 13.52254794625816
COSMOS 2251 DEB         
1 35587U 93036AME 26147.19727814  .00001043  00000+0  15868-3 0  9996
2 35587  74.0030  96.0308 0101955 242.1972 116.8837 14.71992863687801
COSMOS 2251 DEB         
1 35593U 93036AML 26143.85089500  .00001002  00000+0  40551-3 0  9997
2 35593  74.0857 356.4714 0100654 323.7209  35.7140 14.26362884873765
COSMOS 2251 DEB         
1 35594U 93036AMM 26146.38453192  .00012469  00000+0  12076-2 0  9990
2 35594  73.8033 132.2237 0030137 213.1406 146.7889 14.92436856906380
COSMOS 2251 DEB         
1 35602U 93036AMV 26147.08004024  .00019109  00000+0  39597-3 0  9990
2 35602  73.9914 184.3778 0075101 207.3396 181.3208 15.42620301926355
COSMOS 2251 DEB         
1 35606U 93036AMZ 26147.26573818  .00000424  00000+0  43810-3 0  9999
2 35606  73.8086 106.9359 0455001 286.0270  69.1181 13.41414765632594
COSMOS 2251 DEB         
1 35611U 93036ANE 26147.18398292  .00012914  00000+0  18051-2 0  9992
2 35611  74.0189 215.4035 0020643 256.0947 103.7931 14.77511845897309
COSMOS 2251 DEB         
1 35614U 93036ANH 26145.90758787  .00003621  00000+0  60344-3 0  9990
2 35614  73.9589   8.7030 0075044 182.3558 177.7271 14.68527015901384
COSMOS 2251 DEB         
1 35645U 93036ANL 26146.36663177  .00004129  00000+0  10998-2 0  9996
2 35645  73.9622 138.8854 0070695 256.8540 102.4724 14.47334810891528
COSMOS 2251 DEB         
1 35646U 93036ANM 26146.47113284  .00000741  00000+0  74073-3 0  9999
2 35646  73.8677 154.5565 0459710 236.4038 281.8054 13.41103763840668
COSMOS 2251 DEB         
1 35647U 93036ANN 26144.28638244  .00001418  00000+0  41366-3 0  9996
2 35647  74.0223 351.9725 0046914  54.8406 305.7133 14.44409037700104
COSMOS 2251 DEB         
1 35650U 93036ANR 26147.18171296  .00018257  00000+0  19429-2 0  9994
2 35650  74.0446  49.8081 0013602  79.8658  71.6920 14.88849075900920
COSMOS 2251 DEB         
1 35660U 93036APB 26145.37221558  .00000890  00000+0  23416-3 0  9997
2 35660  74.0389 185.9248 0018959 292.3974  82.6077 14.50451019682431
COSMOS 2251 DEB         
1 35661U 93036APC 26145.87655837  .00004151  00000+0  41818-3 0  9994
2 35661  74.0101 111.8978 0085588 174.4883 185.7262 14.88770890903094
COSMOS 2251 DEB         
1 35663U 93036APE 26144.34447968  .00004163  00000+0  73080-3 0  9990
2 35663  74.0169 170.5731 0007454 219.3157 140.7473 14.68013073757664
COSMOS 2251 DEB         
1 35667U 93036APJ 26144.39439081  .00002444  00000+0  49687-3 0  9992
2 35667  74.0545 189.6546 0019565 212.7912 147.2042 14.61542996731786
COSMOS 2251 DEB         
1 35668U 93036APK 26147.00369398  .00000845  00000+0  15797-3 0  9995
2 35668  74.0448 263.1513 0082754 326.0884  33.5008 14.64475983900666
COSMOS 2251 DEB         
1 35669U 93036APL 26141.00052930  .00000399  00000+0  36265-3 0  9998
2 35669  73.8593 259.4877 0386309 343.7510  15.1485 13.57510772629504
COSMOS 2251 DEB         
1 35670U 93036APM 26147.15669160  .00018656  00000+0  15077-2 0  9993
2 35670  73.8915  86.9743 0029468   9.9318 350.2444 14.99431549902026
COSMOS 2251 DEB         
1 35671U 93036APN 26146.41451839  .00000568  00000+0  15704-3 0  9995
2 35671  74.0154 130.4842 0041641 263.6038 249.3681 14.48585506891479
COSMOS 2251 DEB         
1 35674U 93036APR 26147.00297157  .00004930  00000+0  10572-2 0  9999
2 35674  74.0598   3.8568 0092006   9.2005 351.0817 14.56286356885151
COSMOS 2251 DEB         
1 35701U 93036APW 26141.04042212  .00001348  00000+0  93753-3 0  9991
2 35701  74.0055  34.3240 0289266 208.6652 149.8310 13.81457788643581
COSMOS 2251 DEB         
1 35703U 93036APY 26147.46780815  .00008756  00000+0  81350-3 0  9993
2 35703  74.0409  70.2713 0061972  97.9572 262.8651 14.93017052690870
COSMOS 2251 DEB         
1 35705U 93036AQA 26147.40923653  .00019276  00000+0  25950-2 0  9990
2 35705  74.2704 176.3071 0023212  63.5407 296.8147 14.78983259883705
COSMOS 2251 DEB         
1 35706U 93036AQB 26146.29017249  .00000933  00000+0  76905-3 0  9999
2 35706  73.8856 150.8148 0343270 171.1336 189.6062 13.66416752643093
COSMOS 2251 DEB         
1 35711U 93036AQG 26146.00884603  .00000661  00000+0  12516-3 0  9996
2 35711  74.0461 265.1148 0084808 324.1229  35.4260 14.64267225901750
COSMOS 2251 DEB         
1 35716U 93036AQM 26145.02401113  .00000303  00000+0  65843-4 0  9998
2 35716  73.9949 241.6841 0088458  43.1540 135.7698 14.60293191900106
COSMOS 2251 DEB         
1 35717U 93036AQN 26144.64074816  .00002894  00000+0  89925-3 0  9995
2 35717  74.1597 279.1437 0078142  91.7976 269.2132 14.39715554764435
COSMOS 2251 DEB         
1 35718U 93036AQP 26146.33961373  .00006693  00000+0  10788-2 0  9998
2 35718  74.0299 170.5835 0010477 192.7233 167.3676 14.71613760682594
COSMOS 2251 DEB         
1 35721U 93036AQS 26139.56219771  .00001454  00000+0  45487-3 0  9992
2 35721  73.9502 246.7421 0145515 358.6292   1.4439 14.35752074600531
COSMOS 2251 DEB         
1 35724U 93036AQV 26145.97609616  .00000889  00000+0  19288-3 0  9999
2 35724  74.0323 349.9966 0059641 102.4150 258.3699 14.58576385899231
COSMOS 2251 DEB         
1 35759U 93036ARD 26145.99311480  .00000795  00000+0  14673-3 0  9997
2 35759  74.0374 260.0069 0076675 336.5640  23.2039 14.65437191685411
COSMOS 2251 DEB         
1 35764U 93036ARJ 26142.35166688  .00005145  00000+0  69099-3 0  9994
2 35764  74.0263  27.5888 0025068 110.0971 250.2906 14.79353342684213
COSMOS 2251 DEB         
1 35771U 93036ARR 26147.62520499  .00007132  00000+0  29418-2 0  9999
2 35771  74.1585  17.8875 0199440 270.3809  87.4484 14.16771064852071
COSMOS 2251 DEB         
1 35773U 93036ART 26146.37508796  .00002237  00000+0  43545-3 0  9997
2 35773  74.0074  24.7910 0046556 143.1081 217.3305 14.63012349892469
COSMOS 2251 DEB         
1 35777U 93036ARX 26147.12875297  .00000274  00000+0  29536-3 0  9991
2 35777  73.7721  58.4777 0450123 288.5777 135.0714 13.41463087819023
COSMOS 2251 DEB         
1 35784U 93036ASE 26145.70573138  .00000635  00000+0  16798-3 0  9997
2 35784  74.0361 141.7196 0042286 231.2157 128.5224 14.50386749680838
COSMOS 2251 DEB         
1 35786U 93036ASG 26147.23077816  .00005397  00000+0  93673-3 0  9998
2 35786  74.0124  83.8555 0035873 171.9964 188.1786 14.68033008758356
COSMOS 2251 DEB         
1 35789U 93036ASK 26147.53955538  .00000257  00000+0  95888-4 0  9991
2 35789  74.0384 340.0089 0047364  39.7130 320.7474 14.36103002636070
COSMOS 2251 DEB         
1 35793U 93036ASP 26142.65856944  .00008806  00000+0  10852-2 0  9999
2 35793  74.0382 102.7374 0005966 170.4778   7.6047 14.83027906681792
COSMOS 2251 DEB         
1 35824U 93036ASW 26146.17856743  .00001280  00000+0  83099-3 0  9995
2 35824  73.8415 125.9494 0253948 182.8302 177.1407 13.89054447865103
COSMOS 2251 DEB         
1 35825U 93036ASX 26145.49509379  .00001286  00000+0  93435-3 0  9991
2 35825  74.1122 233.2582 0352244 290.3643  65.9965 13.71587969847537
COSMOS 2251 DEB         
1 35829U 93036ATB 26141.69053059  .00007354  00000+0  96284-3 0  9999
2 35829  74.0224 144.1936 0007413 190.9144 169.1873 14.80529627901390
COSMOS 2251 DEB         
1 35830U 93036ATC 26145.77444476  .00002343  00000+0  93360-3 0  9996
2 35830  73.8613 327.5172 0117017 263.3014  95.4804 14.25482489636004
COSMOS 2251 DEB         
1 35834U 93036ATG 26147.60048014  .00000306  00000+0  16696-3 0  9996
2 35834  73.9320   9.3549 0110301 134.9703 255.8264 14.13103804686065
COSMOS 2251 DEB         
1 35835U 93036ATH 26146.92112943  .00001745  00000+0  11446-2 0  9999
2 35835  74.0625 350.5458 0295846  94.3723 269.1261 13.83433913639836
COSMOS 2251 DEB         
1 35836U 93036ATJ 26147.58678268  .00009641  00000+0  14329-2 0  9996
2 35836  74.0314 209.6510 0022125 233.0320 126.8829 14.74922186659622
COSMOS 2251 DEB         
1 35837U 93036ATK 26145.17798581  .00005684  00000+0  39598-2 0  9999
2 35837  73.7286 295.3742 0410835 191.2945 349.1942 13.64981599602055
COSMOS 2251 DEB         
1 35840U 93036ATN 26144.92981200  .00002611  00000+0  78418-3 0  9999
2 35840  73.9302 215.2147 0111875  81.5529 279.8287 14.39628675876387
COSMOS 2251 DEB         
1 35883U 93036ATW 26145.68352291  .00000585  00000+0  14877-3 0  9999
2 35883  74.0219 121.5026 0084045 210.2667 327.4553 14.50938003647632
COSMOS 2251 DEB         
1 35884U 93036ATX 26145.43054316  .00002468  00000+0  96054-3 0  9999
2 35884  73.9898  39.2888 0113547 147.6147 213.2038 14.26797925246916
COSMOS 2251 DEB         
1 35885U 93036ATY 26142.29850914  .00000415  00000+0  14601-3 0  9997
2 35885  74.0287 359.0997 0023374  44.2072 316.0944 14.37799492673232
COSMOS 2251 DEB         
1 35888U 93036AUB 26146.03335263  .00001262  00000+0  27097-3 0  9995
2 35888  74.0333  43.7576 0049380 134.5225 225.9991 14.58932567886696
COSMOS 2251 DEB         
1 35890U 93036AUD 26147.64856451  .00006690  00000+0  13710-2 0  9999
2 35890  73.9347 284.7318 0054701  15.4729 344.8092 14.59974784675701
COSMOS 2251 DEB         
1 35891U 93036AUE 26144.12903286  .00057794  00000+0  92445-3 0  9993
2 35891  73.9807 100.5230 0035276 193.1569 166.8729 15.52147340697249
COSMOS 2251 DEB         
1 35895U 93036AUJ 26142.48662044  .00001418  00000+0  78113-3 0  9996
2 35895  74.0463  68.5697 0204310 129.5584 232.3802 14.02355818612658
COSMOS 2251 DEB         
1 35898U 93036AUM 26144.77625569  .00006411  00000+0  52289-3 0  9998
2 35898  73.9900 327.1286 0077309  69.9135 307.2104 14.97300825692486
COSMOS 2251 DEB         
1 35901U 93036AUQ 26146.41705723  .00222601  00000+0  52478-2 0  9997
2 35901  73.9994  35.9874 0016896 168.1113 192.0498 15.40831184886323
COSMOS 2251 DEB         
1 35902U 93036AUR 26142.12494851  .00001162  00000+0  45493-3 0  9996
2 35902  73.9807 303.2466 0103060  23.1644 337.4099 14.27727699634180
COSMOS 2251 DEB         
1 35905U 93036AUU 26146.92443510  .00006193  00000+0  44399-3 0  9990
2 35905  74.0319 234.6996 0086448 271.3892  87.7394 15.01564707910609
COSMOS 2251 DEB         
1 35959U 93036AUZ 26146.29811659  .00000244  00000+0  95910-4 0  9999
2 35959  74.0332  10.7898 0021604  53.4934 306.8204 14.34245311872879
COSMOS 2251 DEB         
1 35961U 93036AVB 26139.66108956  .00001780  00000+0  93460-3 0  9997
2 35961  73.9230 286.1933 0187391 186.5521 173.3165 14.06264461649019
COSMOS 2251 DEB         
1 35975U 93036AVR 26145.40531372  .00002976  00000+0  11329-2 0  9994
2 35975  74.0508  33.5581 0111911  75.0630 286.2877 14.27914576664377
COSMOS 2251 DEB         
1 35979U 93036AVV 26142.66103095  .00002931  00000+0  41416-3 0  9992
2 35979  74.0097 283.0406 0058497  16.2584 355.1958 14.76479377910072
COSMOS 2251 DEB         
1 35980U 93036AVW 26146.34323689  .00004079  00000+0  81519-3 0  9999
2 35980  73.9110 165.9497 0055075 263.9206  95.5682 14.61263957638892
COSMOS 2251 DEB         
1 35982U 93036AVY 26146.65207038  .00002274  00000+0  42952-3 0  9997
2 35982  74.0574  30.9615 0063703  56.1344 304.5863 14.63739711885789
COSMOS 2251 DEB         
1 35987U 93036AWD 26144.39065491  .00001823  00000+0  53205-3 0  9998
2 35987  73.9990  23.6041 0049338 111.9235 248.7177 14.44106133634125
COSMOS 2251 DEB         
1 35989U 93036AWF 26145.81065695  .00000330  00000+0  11926-3 0  9990
2 35989  74.0376 342.0712 0021948  25.9395 334.2853 14.37285493895364
COSMOS 2251 DEB         
1 35993U 93036AWK 26142.95563270  .00001857  00000+0  33832-3 0  9994
2 35993  74.0143  21.7983 0030536 167.6021 192.5906 14.66512093628050
COSMOS 2251 DEB         
1 35996U 93036AWN 26146.28148093  .00007844  00000+0  41689-3 0  9990
2 35996  74.0130 122.7436 0082722 171.7334 188.5247 15.12462362748119
COSMOS 2251 DEB         
1 35997U 93036AWP 26145.52629082  .00001598  00000+0  39990-3 0  9991
2 35997  74.0434 238.9694 0015480 277.2222  82.7180 14.52220310732615
COSMOS 2251 DEB         
1 36000U 93036AWS 26143.64401368  .00017986  00000+0  14689-2 0  9998
2 36000  73.9864 119.5024 0031242 198.9557 161.0469 14.98993607625899
COSMOS 2251 DEB         
1 36005U 93036AWX 26147.39500990  .00000493  00000+0  13839-3 0  9992
2 36005  74.0245 144.0021 0062166 240.3875 119.1082 14.47561962899812
COSMOS 2251 DEB         
1 36045U 93036AXG 26146.83851039  .00013720  00000+0  20446-2 0  9995
2 36045  73.7606  92.4636 0043298  82.1588 278.4496 14.74259445108180
COSMOS 2251 DEB         
1 36046U 93036AXH 26144.76243181  .00001863  00000+0  33632-3 0  9996
2 36046  74.0149 322.1357 0056354  68.1260 309.8183 14.66183522663921
COSMOS 2251 DEB         
1 36047U 93036AXJ 26147.57158873  .00042791  00000+0  28084-2 0  9991
2 36047  74.0299 356.0008 0004333  86.7071 273.4616 15.07436752684295
COSMOS 2251 DEB         
1 36048U 93036AXK 26146.28763025  .00000536  00000+0  18477-3 0  9997
2 36048  74.0570 356.6117 0026130   8.3787 109.4104 14.38107113878674
COSMOS 2251 DEB         
1 36049U 93036AXL 26147.03404877  .00003821  00000+0  73348-3 0  9997
2 36049  74.0282 162.0338 0012011 217.9549 142.0774 14.64015937877829
COSMOS 2251 DEB         
1 36050U 93036AXM 26146.88163619  .00006709  00000+0  45407-3 0  9990
2 36050  74.0311 216.8692 0084055 253.1315 106.0644 15.03810386695150
COSMOS 2251 DEB         
1 36053U 93036AXQ 26146.82120554  .00004949  00000+0  10420-2 0  9998
2 36053  73.8696 195.2683 0028773 108.9414 251.4873 14.59515075898519
COSMOS 2251 DEB         
1 36058U 93036AXV 26147.12918770  .00002051  00000+0  43167-3 0  9999
2 36058  74.0212  78.0020 0045813 170.6460 189.5570 14.59534213685238
COSMOS 2251 DEB         
1 36060U 93036AXX 26147.08080634  .00000826  00000+0  25757-3 0  9999
2 36060  74.0288 287.8400 0015271 347.9642  12.1147 14.42367278873936
COSMOS 2251 DEB         
1 36061U 93036AXY 26143.05353117  .00000452  00000+0  16976-3 0  9990
2 36061  74.0245  64.4234 0037940 115.3559 245.1529 14.33981674674163
COSMOS 2251 DEB         
1 36073U 93036AYL 26144.36361340  .00000345  00000+0  12959-3 0  9993
2 36073  74.0335  24.3963 0024009  55.7680 304.5742 14.35154690725407
COSMOS 2251 DEB         
1 36074U 93036AYM 26146.67907586  .00003035  00000+0  86815-3 0  9999
2 36074  73.9927  32.6905 0044292  89.1269 271.4963 14.44928285882917
COSMOS 2251 DEB         
1 36366U 93036AYT 26142.28239273  .00002076  00000+0  71003-3 0  9994
2 36366  74.0659 339.6662 0085198 330.4887  29.1469 14.34892426885900
COSMOS 2251 DEB         
1 36367U 93036AYU 26137.24299342  .00000095  00000+0  76962-4 0  9997
2 36367  74.1006 328.9774 0261949   5.4959 354.8941 13.86955370596852
COSMOS 2251 DEB         
1 36369U 93036AYW 26146.57023427  .00010059  00000+0  14242-2 0  9996
2 36369  74.0276 108.2293 0012242 160.1401 200.0253 14.77109557883539
COSMOS 2251 DEB         
1 36371U 93036AYY 26146.41671300  .00008792  00000+0  13257-2 0  9997
2 36371  74.0109 200.3757 0008464 219.4547 140.6010 14.74462849738695
COSMOS 2251 DEB         
1 36379U 93036AZG 26146.96505012  .00000628  00000+0  22105-3 0  9994
2 36379  74.0128   2.9447 0045805  93.3512 333.4200 14.36343528672002
COSMOS 2251 DEB         
1 36385U 93036AZN 26147.54121534  .00008281  00000+0  10326-2 0  9993
2 36385  73.9680 189.2488 0135123 323.4135  35.7864 14.76246457875465
COSMOS 2251 DEB         
1 36420U 93036AZT 26145.77801122  .00000287  00000+0  10538-3 0  9998
2 36420  74.0371 333.8875 0017992  23.8255 351.4086 14.37046449873938
COSMOS 2251 DEB         
1 36423U 93036AZW 26141.61620694  .00074635  00000+0  48203-2 0  9990
2 36423  73.7755 251.1339 0058184 214.3177 145.4248 15.06455146274254
COSMOS 2251 DEB         
1 36430U 93036BAD 26146.31422658  .00000640  00000+0  25484-3 0  9992
2 36430  74.0027 169.7012 0097625 281.0541  77.9640 14.28107584669064
COSMOS 2251 DEB         
1 36437U 93036BAL 26144.54244080  .00006438  00000+0  98446-3 0  9992
2 36437  73.9403  75.2991 0021798 256.6482 103.2260 14.73799990684475
COSMOS 2251 DEB         
1 36439U 93036BAN 26143.68275142  .00000628  00000+0  60280-3 0  9991
2 36439  73.9670 138.1499 0422126  79.2954 285.5377 13.48308120607951
COSMOS 2251 DEB         
1 36441U 93036BAQ 26145.87829961  .00008616  00000+0  47274-3 0  9994
2 36441  73.8344   7.5300 0103245  72.5913 288.6535 15.09740010894405
COSMOS 2251 DEB         
1 36451U 93036BBA 26145.41579368  .00001193  00000+0  48936-3 0  9997
2 36451  73.9532  41.2506 0184804 189.0923 170.6861 14.19361734865473
COSMOS 2251 DEB         
1 36453U 93036BBC 26146.40466463  .00002630  00000+0  61335-3 0  9995
2 36453  73.9236 199.3681 0068023  65.5910 309.8724 14.53888705868605
COSMOS 2251 DEB         
1 36459U 93036BBJ 26127.58095611  .00002353  00000+0  89961-3 0  9999
2 36459  74.0445  96.0466 0116777 158.1115 202.5083 14.27523429 99620
COSMOS 2251 DEB         
1 36470U 93036BBV 26146.06972798  .00139249  00000+0  39783-2 0  9997
2 36470  73.8273 265.8980 0016598  45.8862 314.3705 15.35240166685906
COSMOS 2251 DEB         
1 36528U 93036BCN 26132.53558620  .00000912  00000+0  34131-3 0  9999
2 36528  74.0164 230.2775 0084498 244.3663 114.8740 14.31237126665849
COSMOS 2251 DEB         
1 36533U 93036BCT 26146.03945572  .00000863  00000+0  22526-3 0  9991
2 36533  74.0093 165.7732 0049554 274.5033  85.0468 14.50317696868664
COSMOS 2251 DEB         
1 36539U 93036BCZ 26147.30040332  .00003117  00000+0  64728-3 0  9993
2 36539  74.0215  99.0558 0028423 200.9463 159.0541 14.60326039863631
COSMOS 2251 DEB         
1 36540U 93036BDA 26147.62779347  .00004420  00000+0  92052-3 0  9994
2 36540  74.0288 224.0874 0014772 259.4342 100.5160 14.60238537884301
COSMOS 2251 DEB         
1 36550U 93036BDL 26145.97493845  .00000981  00000+0  39507-3 0  9991
2 36550  74.0448 255.5011 0077337 266.9664  92.2632 14.27742780869394
COSMOS 2251 DEB         
1 36551U 93036BDM 26147.36277456  .00023764  00000+0  14093-2 0  9991
2 36551  73.8855  31.4041 0038068 297.4106  62.3215 15.10663181694263
COSMOS 2251 DEB         
1 36557U 93036BDT 26147.01391057  .00011186  00000+0  13168-2 0  9990
2 36557  73.9779 158.5114 0022947 270.0325  89.8223 14.84699858363453
COSMOS 2251 DEB         
1 36558U 93036BDU 26146.81985098  .00002215  00000+0  50378-3 0  9990
2 36558  74.0414 201.6689 0013504 252.4507 107.5182 14.56505724876711
COSMOS 2251 DEB         
1 36559U 93036BDV 26144.28609249  .00005176  00000+0  27708-2 0  9990
2 36559  74.1243  91.3808 0260386  86.2925 276.7940 13.97447099833638
COSMOS 2251 DEB         
1 36614U 93036BEC 26146.88608295  .00003464  00000+0  69073-3 0  9990
2 36614  74.0198 218.4399 0015257 252.7396 107.2102 14.62305618680251
COSMOS 2251 DEB         
1 36622U 93036BEL 26144.39147846  .00001865  00000+0  25630-3 0  9997
2 36622  74.0114 186.1413 0067895 280.4751  78.8778 14.77579598691513
COSMOS 2251 DEB         
1 36632U 93036BEW 26142.85357811  .00001258  00000+0  37331-3 0  9999
2 36632  74.0010 352.2833 0034231  66.0445 294.4290 14.43968309675407
COSMOS 2251 DEB         
1 37084U 93036BFE 26142.41672169  .00003855  00000+0  26099-3 0  9993
2 37084  74.0257 193.4580 0093271 231.4737 127.8065 15.03365444686800
COSMOS 2251 DEB         
1 37089U 93036BFK 26143.43730093  .00005082  00000+0  10328-2 0  9993
2 37089  74.0355 199.6586 0131203 259.8601  98.7742 14.56042372684614
COSMOS 2251 DEB         
1 37094U 93036BFQ 26136.84948595  .00001048  00000+0  33676-3 0  9994
2 37094  74.1111 196.5739 0080883 122.6773 238.2217 14.38719315867362
COSMOS 2251 DEB         
1 37095U 93036BFR 26141.02932456  .00000923  00000+0  50837-3 0  9999
2 37095  73.8461 269.1483 0192471 299.1787  59.0210 14.04114096648718
COSMOS 2251 DEB         
1 37101U 93036BFX 26139.64642570  .00002351  00000+0  41952-3 0  9992
2 37101  74.0273 149.4678 0043791 198.1684 161.7923 14.66971554679860
COSMOS 2251 DEB         
1 37108U 93036BGE 26146.38265058  .00002439  00000+0  70750-3 0  9995
2 37108  74.0407 135.4577 0092224 172.2118 188.0498 14.42470343878807
COSMOS 2251 DEB         
1 37126U 93036BGY 26145.95200403  .00000688  00000+0  99435-4 0  9996
2 37126  73.9519  32.7227 0122157 231.9393 127.0710 14.73561180105174
COSMOS 2251 DEB         
1 37132U 93036BHE 26147.04832509  .00006370  00000+0  82704-3 0  9997
2 37132  74.0010 268.1385 0040453  23.5007 336.8005 14.80360372648609
COSMOS 2251 DEB         
1 37270U 93036BHJ 26146.20571912  .00004922  00000+0  38685-2 0  9994
2 37270  73.9341  67.1888 0394592  49.5090 313.9710 13.61142484793068
COSMOS 2251 DEB         
1 37278U 93036BHS 26138.20932936  .00000826  00000+0  28220-3 0  9994
2 37278  73.7884  66.7848 0299475 222.1064 211.1431 14.15831730660433
COSMOS 2251 DEB         
1 37280U 93036BHU 26143.65216178  .00001516  00000+0  66049-3 0  9993
2 37280  74.0276 127.3881 0133662 216.8712 142.3188 14.20168383596212
COSMOS 2251 DEB         
1 37284U 93036BHY 26134.57890481  .00000863  00000+0  41700-3 0  9994
2 37284  74.0123 245.9714 0161482   2.5574  14.1433 14.13474385613343
COSMOS 2251 DEB         
1 37292U 93036BJG 26136.33648802  .00002117  00000+0  11072-2 0  9999
2 37292  74.1214 141.7522 0207451 106.3869 256.0184 14.04450497620189
COSMOS 2251 DEB         
1 37295U 93036BJK 26144.50442128  .00002135  00000+0  38740-3 0  9995
2 37295  74.0048 327.5682 0045087 106.1271 254.4869 14.66231868846894
COSMOS 2251 DEB         
1 37305U 93036BJV 26146.26565730  .00001287  00000+0  44036-3 0  9999
2 37305  73.8691 345.1654 0046665 271.9258  87.6550 14.36731864692295
COSMOS 2251 DEB         
1 37312U 93036BKC 26146.99083224  .00001157  00000+0  32712-3 0  9994
2 37312  74.0313 255.5560 0018401 320.4123  39.5691 14.46685941885533
COSMOS 2251 DEB         
1 37316U 93036BKG 26147.44589517  .00039860  00000+0  27516-2 0  9992
2 37316  74.0160  43.8204 0025789  90.2722 270.1423 15.05313850886286
COSMOS 2251 DEB         
1 37320U 93036BKL 26144.60003230  .00003458  00000+0  44339-3 0  9992
2 37320  74.0457 257.5415 0045038 303.7988  55.8904 14.80976229685560
COSMOS 2251 DEB         
1 37326U 93036BKS 26146.35702790  .00002177  00000+0  42643-3 0  9992
2 37326  74.0253  19.3074 0056585 108.1194 252.6147 14.62413878878892
COSMOS 2251 DEB         
1 37330U 93036BKW 26146.26783311  .00001419  00000+0  29507-3 0  9997
2 37330  74.0173 340.8679 0057387 147.6372 212.8336 14.60022065887696
COSMOS 2251 DEB         
1 37331U 93036BKX 26136.71369063  .00000739  00000+0  26082-3 0  9990
2 37331  74.0721 144.3288 0054901 121.7602 238.8917 14.35550552869835
COSMOS 2251 DEB         
1 37336U 93036BLC 26146.41545735  .00000140  00000+0  60370-4 0  9990
2 37336  74.0424  30.5676 0028917  69.3291 291.0956 14.32826702674788
COSMOS 2251 DEB         
1 37340U 93036BLG 26142.82556445  .00000260  00000+0  96190-4 0  9998
2 37340  74.0249 340.7495 0017799  39.9679 320.2781 14.37102135863819
COSMOS 2251 DEB         
1 37483U 93036BLL 26145.86890126  .00000430  00000+0  12803-3 0  9997
2 37483  73.9736 197.0428 0092539   5.4830 354.7316 14.43829824676486
COSMOS 2251 DEB         
1 37484U 93036BLM 26147.05679749  .00001947  00000+0  58860-3 0  9994
2 37484  73.8225 257.8472 0038134 262.6923 275.5221 14.42665317677620
COSMOS 2251 DEB         
1 37486U 93036BLP 26146.35130028  .00004216  00000+0  17216-2 0  9991
2 37486  73.6898 176.4845 0222791  19.6682 357.2087 14.15072922656979
COSMOS 2251 DEB         
1 37487U 93036BLQ 26147.18977639  .00027707  00000+0  27983-2 0  9993
2 37487  73.8957 220.2368 0030166  13.9112 346.2893 14.90601816837038
COSMOS 2251 DEB         
1 37491U 93036BLU 26145.85044604  .00000726  00000+0  54503-3 0  9998
2 37491  73.9070 358.8741 0311138 321.2609  36.6558 13.75792174580033
COSMOS 2251 DEB         
1 37496U 93036BLZ 26144.31144302  .00014915  00000+0  11160-2 0  9995
2 37496  73.9485 350.8046 0051588 324.2180  35.5554 15.01681943684519
COSMOS 2251 DEB         
1 37498U 93036BMB 26139.03463660  .00001830  00000+0  42163-3 0  9991
2 37498  74.0366 245.8916 0011919 275.8521  84.1284 14.56041461676430
COSMOS 2251 DEB         
1 37499U 93036BMC 26144.92811119  .00000247  00000+0  96576-4 0  9991
2 37499  74.0388  23.4069 0027109  61.7883 298.6001 14.34488443874895
COSMOS 2251 DEB         
1 37528U 93036BNH 26145.81297179  .00000892  00000+0  23176-3 0  9998
2 37528  74.0351 173.6469 0021648 279.5834  80.2881 14.51044849883109
COSMOS 2251 DEB         
1 37530U 93036BNK 26143.46273866  .00000320  00000+0  12180-3 0  9996
2 37530  74.0370  37.4137 0026041  63.1148 110.1940 14.34706442875519
COSMOS 2251 DEB         
1 37531U 93036BNL 26140.17410756  .00005330  00000+0  93829-3 0  9998
2 37531  74.0073 319.5607 0033158  10.2476 349.9362 14.67474324723733
COSMOS 2251 DEB         
1 37532U 93036BNM 26147.04318378  .00000560  00000+0  17615-3 0  9998
2 37532  74.0505 269.2888 0015909 330.3716 147.3508 14.42673515872994
COSMOS 2251 DEB         
1 37533U 93036BNN 26144.61438490  .00001278  00000+0  62128-3 0  9993
2 37533  74.0654 264.4292 0156222 282.6433  75.7279 14.13100057652219
COSMOS 2251 DEB         
1 37535U 93036BNQ 26147.37372177  .00002736  00000+0  57920-3 0  9994
2 37535  74.0208 117.6632 0028880 214.1211 298.2081 14.59499171877406
COSMOS 2251 DEB         
1 37537U 93036BNS 26143.79234679  .00000355  00000+0  12486-3 0  9995
2 37537  74.0115 326.4053 0050803  68.7578 291.8991 14.37694096873629
COSMOS 2251 DEB         
1 37546U 93036BPB 26145.95136573  .00016873  00000+0  19053-2 0  9997
2 37546  74.0182 132.3194 0003742 158.2197 201.9142 14.86513467683237
COSMOS 2251 DEB         
1 37959U 93036BPJ 26146.13647646  .00001813  00000+0  38299-3 0  9996
2 37959  74.0083 103.3885 0058517 205.0068 170.1282 14.59063419825246
COSMOS 2251 DEB         
1 37960U 93036BPK 26147.57556577  .00001922  00000+0  85940-3 0  9995
2 37960  74.0600 256.0959 0246402 235.2135 122.5595 14.08449589797407
COSMOS 2251 DEB         
1 37961U 93036BPL 26146.79601113  .00002326  00000+0  49267-3 0  9997
2 37961  74.0389 182.8512 0040377 223.4862 136.3118 14.59328699824726
COSMOS 2251 DEB         
1 37966U 93036BPR 26144.00862864  .00144975  00000+0  30061-2 0  9994
2 37966  73.9694 245.5801 0010909   8.5380 351.6014 15.45046173878187
COSMOS 2251 DEB         
1 37967U 93036BPS 26146.81120726  .00003292  00000+0  88481-3 0  9996
2 37967  74.0138 191.1250 0149470 290.0944  68.4179 14.42043487671140
COSMOS 2251 DEB         
1 37968U 93036BPT 26140.73497221  .00005953  00000+0  40500-3 0  9995
2 37968  73.9988 305.9562 0075542  21.9897 338.4503 15.04203238626073
COSMOS 2251 DEB         
1 37971U 93036BPW 26146.12551819  .00003065  00000+0  76534-3 0  9990
2 37971  73.9903  92.3055 0069001 189.7779 170.2044 14.50566169630604
COSMOS 2251 DEB         
1 37975U 93036BQA 26146.31135828  .00017238  00000+0  19591-2 0  9999
2 37975  73.9987 358.8608 0073331 307.9892  51.4677 14.84289798721818
COSMOS 2251 DEB         
1 37985U 93036BQL 26143.79432272  .00000056  00000+0  28349-4 0  9995
2 37985  74.0248 328.2816 0020642  53.2753 307.0292 14.35530787672425
COSMOS 2251 DEB         
1 37988U 93036BQP 26147.13816583  .00005851  00000+0  93337-3 0  9997
2 37988  74.0619  63.8095 0060999  60.3054 300.4170 14.70884973258265
COSMOS 2251 DEB         
1 37993U 93036BQU 26145.45699453  .00003329  00000+0  66972-3 0  9994
2 37993  74.0215 213.7229 0021938 265.2832  94.5829 14.61853327677084
COSMOS 2251 DEB         
1 37994U 93036BQV 26147.57404320  .00000823  00000+0  26918-3 0  9999
2 37994  74.0357 329.3634 0022922  11.9005 348.2687 14.39966795794516
COSMOS 2251 DEB         
1 37998U 93036BQZ 26146.07248896  .00001381  00000+0  39338-3 0  9991
2 37998  74.0362 288.5873 0019475 327.5545  32.4414 14.46108441666625
COSMOS 2251 DEB         
1 38001U 93036BRC 26146.50073594  .00003285  00000+0  41593-3 0  9997
2 38001  73.9984 167.0291 0064879 275.3165 235.8400 14.80764674771456
COSMOS 2251 DEB         
1 38006U 93036BRH 26145.12154035  .00007524  00000+0  19590-2 0  9990
2 38006  73.8440  88.9991 0068348   6.4448 353.7572 14.48334732653245
COSMOS 2251 DEB         
1 38054U 93036BRL 26146.54554501  .00001093  00000+0  94757-3 0  9996
2 38054  73.9550 355.9319 0345807 302.0550  81.2207 13.63382800694258
COSMOS 2251 DEB         
1 38055U 93036BRM 26145.56424916  .00003121  00000+0  41313-3 0  9998
2 38055  74.0074 244.4747 0064576 331.6021  41.9060 14.78945753631037
COSMOS 2251 DEB         
1 38056U 93036BRN 26146.55185016  .00002660  00000+0  16180-2 0  9994
2 38056  73.9225 353.5963 0269995 309.2688  48.4762 13.90181947665632
COSMOS 2251 DEB         
1 38060U 93036BRS 26142.27725808  .00001295  00000+0  24327-3 0  9999
2 38060  74.0420 346.9497 0058220  53.4129 307.2376 14.64673577743146
COSMOS 2251 DEB         
1 38062U 93036BRU 26146.22873604  .00034398  00000+0  25037-2 0  9996
2 38062  74.0046 315.8369 0015525  60.8710 117.5502 15.03538219654954
COSMOS 2251 DEB         
1 38064U 93036BRW 26146.74886468  .00002060  00000+0  45352-3 0  9991
2 38064  74.0201 170.5225 0047871 249.3046 110.2984 14.57425017742682
COSMOS 2251 DEB         
1 38067U 93036BRZ 26143.78715112  .00000904  00000+0  18160-3 0  9994
2 38067  74.0178 324.1945 0069894  72.2236 303.6526 14.61656034649234
COSMOS 2251 DEB         
1 38068U 93036BSA 26147.58709866  .00000543  00000+0  19426-3 0  9991
2 38068  74.0222   3.4394 0025561  54.6567 305.6970 14.36246329690273
COSMOS 2251 DEB         
1 38197U 93036BSM 26146.39628659  .00016102  00000+0  19093-2 0  9999
2 38197  73.9363  31.9106 0111172 226.1480 133.0471 14.80125743881873
COSMOS 2251 DEB         
1 38199U 93036BSP 26143.30636559  .00000401  00000+0  32938-3 0  9996
2 38199  73.9532 156.6752 0366107  51.3629 311.9658 13.65048255632263
COSMOS 2251 DEB         
1 38208U 93036BSY 26147.33113843  .00024359  00000+0  24702-2 0  9997
2 38208  74.0012 108.1310 0007287 191.7622 318.4306 14.90786557736219
COSMOS 2251 DEB         
1 38212U 93036BTC 26145.32349125  .00001801  00000+0  23377-3 0  9998
2 38212  74.0484 115.5164 0091087 139.6259 221.1726 14.78666271837274
COSMOS 2251 DEB         
1 38220U 93036BTL 26147.25798892  .00057305  00000+0  40265-2 0  9994
2 38220  74.0096  91.6984 0003930 191.7856 168.3242 15.04813077738518
COSMOS 2251 DEB         
1 38479U 93036BTP 26145.52601032  .00002520  00000+0  77781-3 0  9990
2 38479  74.0068 241.4199 0082574 312.7561  61.5614 14.39949168670447
COSMOS 2251 DEB         
1 38481U 93036BTR 26147.55679571  .00002301  00000+0  13794-2 0  9991
2 38481  73.9317  80.8109 0226815 347.9932  11.5841 13.95564080613734
COSMOS 2251 DEB         
1 38483U 93036BTT 26133.58975257  .00001100  00000+0  40991-3 0  9997
2 38483  74.2586  99.7620 0113620 160.4271 200.1296 14.29529958656479
COSMOS 2251 DEB         
1 38486U 93036BTW 26147.52277196  .00016690  00000+0  22506-2 0  9997
2 38486  73.9410 238.2971 0031553 344.9057  32.4061 14.78786027778813
COSMOS 2251 DEB         
1 38487U 93036BTX 26145.43944527  .00076469  00000+0  21003-2 0  9996
2 38487  73.9669  45.7511 0026486 172.1834 187.9790 15.36519201692985
COSMOS 2251 DEB         
1 39109U 93036BTY 26132.70541299  .00001503  00000+0  23951-3 0  9995
2 39109  74.0329 291.8567 0057687 357.3045  17.2624 14.71832130673948
COSMOS 2251 DEB         
1 39110U 93036BTZ 26137.21892948  .00001176  00000+0  17573-3 0  9997
2 39110  73.9556 117.2749 0095689 312.1954  65.8337 14.73021018647730
COSMOS 2251 DEB         
1 39546U 93036BUC 26142.35920497  .00007383  00000+0  63952-3 0  9990
2 39546  73.9963 172.3072 0042228 290.5274  69.1382 14.96596784668362
COSMOS 2251 DEB         
1 39547U 93036BUD 26147.05539676  .00079606  00000+0  30021-2 0  9995
2 39547  74.0006  33.9531 0014959 156.7943 270.2569 15.26565726665287
COSMOS 2251 DEB         
1 39553U 93036BUK 26146.43080606  .00002273  00000+0  12841-2 0  9993
2 39553  74.0283  44.5666 0206424 142.4889 219.0858 14.00554501779221
COSMOS 2251 DEB         
1 39554U 93036BUL 26145.78846779  .00087149  00000+0  26337-2 0  9992
2 39554  74.0038 279.3103 0006937  43.6063 316.5689 15.33799746668802
COSMOS 2251 DEB         
1 39583U 93036BUN 26147.65044099  .00004980  00000+0  84931-3 0  9994
2 39583  73.9322 287.3752 0132367   5.0100 355.2354 14.63603027642043
COSMOS 2251 DEB         
1 39585U 93036BUQ 26146.27951304  .00001044  00000+0  22181-3 0  9996
2 39585  74.0412 347.9845 0065908  67.5678 293.2450 14.59070080649207
COSMOS 2251 DEB         
1 39586U 93036BUR 26142.70814291  .00000435  00000+0  19940-3 0  9996
2 39586  74.0090 299.1769 0101166  37.1430 340.9415 14.21535728632598
COSMOS 2251 DEB         
1 39591U 93036BUW 26144.20339446  .00000757  00000+0  23664-3 0  9998
2 39591  74.0196 305.2838 0029394  21.4904 159.0249 14.42239779641180
COSMOS 2251 DEB         
1 40218U 93036BUX 26140.74725091  .00000516  00000+0  16534-3 0  9997
2 40218  74.0298 314.0709 0016413   3.4836 356.6431 14.41970524611531
COSMOS 2251 DEB         
1 40223U 93036BVC 26146.28046380  .00171188  00000+0  52773-2 0  9993
2 40223  73.9258 103.2737 0019486 222.1544 137.8162 15.32649778618698
COSMOS 2251 DEB         
1 40228U 93036BVH 26147.17657616  .00000829  00000+0  26361-3 0  9995
2 40228  74.0537 314.6088 0023416 337.3313 138.3459 14.41324857613049
COSMOS 2251 DEB         
1 40230U 93036BVK 26145.65553708  .00001478  00000+0  38611-3 0  9998
2 40230  74.0443 279.3180 0017376 298.5759  80.3278 14.50240409613470
COSMOS 2251 DEB         
1 40233U 93036BVN 26147.42873805  .00004079  00000+0  84320-3 0  9999
2 40233  73.9370 145.3923 0045464 184.6595 175.4154 14.60034192615549
COSMOS 2251 DEB         
1 40236U 93036BVR 26137.05148891  .00000826  00000+0  90140-3 0  9993
2 40236  73.5373 258.8811 0535364 125.0933 240.1576 13.24963438556810
COSMOS 2251 DEB         
1 40237U 93036BVS 26145.53871485  .00199931  00000+0  49194-2 0  9996
2 40237  74.0103  64.4636 0015535 183.6495 354.3524 15.39640290619929
COSMOS 2251 DEB         
1 40238U 93036BVT 26147.37836784  .00001373  00000+0  14161-2 0  9992
2 40238  73.9887 169.1096 0546074 109.5577 256.5307 13.25660047562312
COSMOS 2251 DEB         
1 40239U 93036BVU 26144.26062321  .00001024  00000+0  19764-3 0  9994
2 40239  74.0285 324.4076 0084788  35.4942 144.3694 14.62588789619863
COSMOS 2251 DEB         
1 40792U 93036BVV 26140.16435985  .00002982  00000+0  50744-3 0  9990
2 40792  74.0428 101.1211 0017841 170.0105 206.4877 14.69450545655105
COSMOS 2251 DEB         
1 40793U 93036BVW 26141.60028650  .00000742  00000+0  37840-3 0  9992
2 40793  73.9779 244.4845 0214425   5.8771 354.4804 14.06207274704927
COSMOS 2251 DEB         
1 40794U 93036BVX 26146.26372439  .00033330  00000+0  22340-2 0  9994
2 40794  73.9730 148.3325 0015431 255.4417 118.2869 15.06627788643922
COSMOS 2251 DEB         
1 40796U 93036BVZ 26144.85704742  .00003488  00000+0  41364-3 0  9994
2 40796  74.0123 178.9092 0055176 274.3623 264.4526 14.83852287785762
COSMOS 2251 DEB         
1 40797U 93036BWA 26143.63898824  .00011705  00000+0  57210-3 0  9993
2 40797  73.9325 116.7907 0062696 345.8065  14.1364 15.16532925670943
COSMOS 2251 DEB         
1 40799U 93036BWC 26146.21559477  .00005834  00000+0  42837-3 0  9995
2 40799  73.9236 122.9706 0115242 325.6241  33.7523 14.98461562524398
COSMOS 2251 DEB         
1 40802U 93036BWF 26146.37148305  .00002816  00000+0  37242-3 0  9992
2 40802  74.0371 189.5490 0061850 246.0843 113.3847 14.79162388668423
COSMOS 2251 DEB         
1 40803U 93036BWG 26142.65065564  .00000662  00000+0  16910-3 0  9991
2 40803  74.0121 108.3264 0033982 283.5349  76.2027 14.52212291610881
COSMOS 2251 DEB         
1 40808U 93036BWM 26146.11880510  .00005095  00000+0  84779-3 0  9990
2 40808  74.0406 187.3338 0008318 198.8739 192.4172 14.70308615660330
COSMOS 2251 DEB         
1 40810U 93036BWP 26146.33767907  .00002543  00000+0  53745-3 0  9995
2 40810  74.0326 120.9835 0019678 228.1901 131.7585 14.59758895640842
COSMOS 2251 DEB         
1 46271U 93036BWT 26143.23312864  .00000583  00000+0  15060-3 0  9996
2 46271  74.0444 134.3444 0040972 214.8854 144.9621 14.51796216869857
COSMOS 2251 DEB         
1 46430U 93036BWU 26143.44719752  .00003856  00000+0  87500-3 0  9997
2 46430  73.9134  49.0118 0091905 292.2603  66.8831 14.53826675820310
COSMOS 2251 DEB         
1 46432U 93036BWW 26143.93061664  .00000466  00000+0  49476-3 0  9999
2 46432  73.8704 215.6784 0474004 305.6253 237.8361 13.36862876691338
COSMOS 2251 DEB         
1 47045U 93036BWZ 26143.43229664  .00000092  00000+0  38239-4 0  9992
2 47045  74.0583 211.3141 0030162 311.1280  65.0271 14.38984928101313
COSMOS 2251 DEB         
1 47048U 93036BXC 26143.40347100  .00003778  00000+0  80368-3 0  9991
2 47048  73.9779  12.8210 0132997 161.3329  17.5708 14.53964680620380
COSMOS 2251 DEB         
1 47051U 93036BXF 26144.11104719  .00000546  00000+0  44850-3 0  9997
2 47051  74.0989 278.0770 0341784 354.1256 184.3991 13.67690563621572
COSMOS 2251 DEB         
1 47052U 93036BXG 26144.47327560  .00000517  00000+0  18416-3 0  9995
2 47052  74.0498  41.9769 0058417  77.3826 102.4988 14.35751875641241
COSMOS 2251 DEB         
1 47053U 93036BXH 26145.82229255  .00001298  00000+0  10897-2 0  9999
2 47053  74.0577 348.3475 0381210 125.5095 257.0159 13.60083897311196
COSMOS 2251 DEB         
1 47059U 93036BXP 26144.56503975  .00156105  00000+0  33895-2 0  9990
2 47059  73.9655 249.5579 0014479   2.5748 357.5533 15.43594167107895
COSMOS 2251 DEB         
1 47061U 93036BXR 26147.13777119  .00542049  00000+0  47515-2 0  9992
2 47061  73.9680 197.7310 0018426 321.7015  38.2897 15.66943701669124
COSMOS 2251 DEB         
1 47062U 93036BXS 26146.34376867  .00001074  00000+0  82361-3 0  9997
2 47062  74.0786 166.6017 0325431 254.3493 118.5478 13.72361061578608
COSMOS 2251 DEB         
1 47068U 93036BXY 26147.53205097  .00002867  00000+0  67917-3 0  9992
2 47068  74.0234 249.9686 0018142 301.0702  58.8680 14.54420217641668
COSMOS 2251 DEB         
1 47069U 93036BXZ 26143.29075922  .00012144  00000+0  13496-2 0  9995
2 47069  74.0100 151.9658 0001044 136.3058 223.8204 14.87234245748943
COSMOS 2251 DEB         
1 47073U 93036BYD 26144.08877638  .00000374  00000+0  22113-3 0  9991
2 47073  74.0831 279.3072 0160214 278.4111  79.8892 14.05052919626412
COSMOS 2251 DEB         
1 47074U 93036BYE 26131.99918538  .00002253  00000+0  68281-3 0  9997
2 47074  74.0955  33.4846 0139289  24.8688 351.8639 14.37356054 48409
COSMOS 2251 DEB         
1 47116U 93036BYJ 26144.61963076  .00021563  00000+0  14253-2 0  9998
2 47116  74.0231 267.8502 0018863 333.3762  42.2129 15.07183879619589
COSMOS 2251 DEB         
1 53093U 93036BYP 26147.60831024  .00002127  00000+0  64473-3 0  9993
2 53093  74.0356 353.7903 0020440  39.8900 320.3754 14.42753370201177
